INSERT INTO FIDE_ESTADO_TB (ID_ESTADO, NOMBRE_ESTADO) VALUES (1, 'ACTIVO');
INSERT INTO FIDE_ESTADO_TB (ID_ESTADO, NOMBRE_ESTADO) VALUES (2, 'INACTIVO');
INSERT INTO FIDE_ESTADO_TB (ID_ESTADO, NOMBRE_ESTADO) VALUES (3, 'PENDIENTE');
INSERT INTO FIDE_ESTADO_TB (ID_ESTADO, NOMBRE_ESTADO) VALUES (4, 'SUSPENDIDO');
INSERT INTO FIDE_ESTADO_TB (ID_ESTADO, NOMBRE_ESTADO) VALUES (5, 'ELIMINADO');

INSERT INTO FIDE_TIPO_USUARIO_TB (ID_TIPO_USUARIO, NOMBRE, ID_ESTADO) VALUES (1, 'Cliente', 1);
INSERT INTO FIDE_TIPO_USUARIO_TB (ID_TIPO_USUARIO, NOMBRE, ID_ESTADO) VALUES (2, 'Administrador', 1);
INSERT INTO FIDE_TIPO_USUARIO_TB (ID_TIPO_USUARIO, NOMBRE, ID_ESTADO) VALUES (3, 'Organizador de Eventos', 1);
INSERT INTO FIDE_TIPO_USUARIO_TB (ID_TIPO_USUARIO, NOMBRE, ID_ESTADO) VALUES (4, 'Staff de Evento', 1);
INSERT INTO FIDE_TIPO_USUARIO_TB (ID_TIPO_USUARIO, NOMBRE, ID_ESTADO) VALUES (5, 'Artista / DJ', 1);

INSERT INTO FIDE_PAIS_TB (ID_PAIS, NOMBRE, ID_ESTADO) VALUES (1, 'Costa Rica', 1);
INSERT INTO FIDE_PAIS_TB (ID_PAIS, NOMBRE, ID_ESTADO) VALUES (2, 'Panamá', 1);
INSERT INTO FIDE_PAIS_TB (ID_PAIS, NOMBRE, ID_ESTADO) VALUES (3, 'Colombia', 1);
INSERT INTO FIDE_PAIS_TB (ID_PAIS, NOMBRE, ID_ESTADO) VALUES (4, 'México', 1);
INSERT INTO FIDE_PAIS_TB (ID_PAIS, NOMBRE, ID_ESTADO) VALUES (5, 'Estados Unidos', 1);

INSERT INTO FIDE_PROVINCIA_TB (ID_PROVINCIA, NOMBRE, ID_PAIS, ID_ESTADO)VALUES (1, 'San José', 1, 1);
INSERT INTO FIDE_PROVINCIA_TB (ID_PROVINCIA, NOMBRE, ID_PAIS, ID_ESTADO)VALUES (2, 'Alajuela', 1, 1);
INSERT INTO FIDE_PROVINCIA_TB (ID_PROVINCIA, NOMBRE, ID_PAIS, ID_ESTADO)VALUES (3, 'Cartago', 1, 1);
INSERT INTO FIDE_PROVINCIA_TB (ID_PROVINCIA, NOMBRE, ID_PAIS, ID_ESTADO)VALUES (4, 'Heredia', 1, 1);
INSERT INTO FIDE_PROVINCIA_TB (ID_PROVINCIA, NOMBRE, ID_PAIS, ID_ESTADO)VALUES (5, 'Guanacaste', 1, 1);
INSERT INTO FIDE_PROVINCIA_TB (ID_PROVINCIA, NOMBRE, ID_PAIS, ID_ESTADO)VALUES (6, 'Puntarenas', 1, 1);
INSERT INTO FIDE_PROVINCIA_TB (ID_PROVINCIA, NOMBRE, ID_PAIS, ID_ESTADO)VALUES (7, 'Limón', 1, 1);

INSERT INTO FIDE_CANTON_TB VALUES (1,'San José',1,1);
INSERT INTO FIDE_CANTON_TB VALUES (2,'Escazú',1,1);
INSERT INTO FIDE_CANTON_TB VALUES (3,'Desamparados',1,1);
INSERT INTO FIDE_CANTON_TB VALUES (4,'Santa Ana',1,1);
INSERT INTO FIDE_CANTON_TB VALUES (5,'Montes de Oca',1,1);
INSERT INTO FIDE_CANTON_TB VALUES (6,'Alajuela',2,1);
INSERT INTO FIDE_CANTON_TB VALUES (7,'San Ramón',2,1);
INSERT INTO FIDE_CANTON_TB VALUES (8,'Grecia',2,1);
INSERT INTO FIDE_CANTON_TB VALUES (9,'Cartago',3,1);
INSERT INTO FIDE_CANTON_TB VALUES (10,'Paraíso',3,1);
INSERT INTO FIDE_CANTON_TB VALUES (11,'La Unión',3,1);
INSERT INTO FIDE_CANTON_TB VALUES (12,'Heredia',4,1);
INSERT INTO FIDE_CANTON_TB VALUES (13,'Barva',4,1);
INSERT INTO FIDE_CANTON_TB VALUES (14,'Liberia',5,1);
INSERT INTO FIDE_CANTON_TB VALUES (15,'Santa Cruz',5,1);
INSERT INTO FIDE_CANTON_TB VALUES (16,'Nicoya',5,1);
INSERT INTO FIDE_CANTON_TB VALUES (17,'Puntarenas',6,1);
INSERT INTO FIDE_CANTON_TB VALUES (18,'Garabito',6,1);
INSERT INTO FIDE_CANTON_TB VALUES (19,'Limón',7,1);
INSERT INTO FIDE_CANTON_TB VALUES (20,'Pococí',7,1);

INSERT INTO FIDE_DISTRITO_TB VALUES (1,'Carmen',1,1);
INSERT INTO FIDE_DISTRITO_TB VALUES (2,'Merced',1,1);
INSERT INTO FIDE_DISTRITO_TB VALUES (3,'Hospital',1,1);
INSERT INTO FIDE_DISTRITO_TB VALUES (4,'Catedral',1,1);
INSERT INTO FIDE_DISTRITO_TB VALUES (5,'Escazú Centro',2,1);
INSERT INTO FIDE_DISTRITO_TB VALUES (6,'San Antonio',2,1);
INSERT INTO FIDE_DISTRITO_TB VALUES (7,'San Rafael',2,1);
INSERT INTO FIDE_DISTRITO_TB VALUES (8,'Desamparados Centro',3,1);
INSERT INTO FIDE_DISTRITO_TB VALUES (9,'San Miguel',3,1);
INSERT INTO FIDE_DISTRITO_TB VALUES (10,'San Juan de Dios',3,1);
INSERT INTO FIDE_DISTRITO_TB VALUES (11,'Santa Ana Centro',4,1);
INSERT INTO FIDE_DISTRITO_TB VALUES (12,'Pozos',4,1);
INSERT INTO FIDE_DISTRITO_TB VALUES (13,'Uruca',4,1);
INSERT INTO FIDE_DISTRITO_TB VALUES (14,'San Pedro',5,1);
INSERT INTO FIDE_DISTRITO_TB VALUES (15,'Sabanilla',5,1);
INSERT INTO FIDE_DISTRITO_TB VALUES (16,'Alajuela Centro',6,1);
INSERT INTO FIDE_DISTRITO_TB VALUES (17,'San José de Alajuela',6,1);
INSERT INTO FIDE_DISTRITO_TB VALUES (18,'San Ramón Centro',7,1);
INSERT INTO FIDE_DISTRITO_TB VALUES (19,'Santiago',7,1);
INSERT INTO FIDE_DISTRITO_TB VALUES (20,'Grecia Centro',8,1);
INSERT INTO FIDE_DISTRITO_TB VALUES (21,'San Isidro',8,1);
INSERT INTO FIDE_DISTRITO_TB VALUES (22,'Oriental',9,1);
INSERT INTO FIDE_DISTRITO_TB VALUES (23,'Occidental',9,1);
INSERT INTO FIDE_DISTRITO_TB VALUES (24,'Paraíso Centro',10,1);
INSERT INTO FIDE_DISTRITO_TB VALUES (25,'Santiago de Paraíso',10,1);
INSERT INTO FIDE_DISTRITO_TB VALUES (26,'Tres Ríos',11,1);
INSERT INTO FIDE_DISTRITO_TB VALUES (27,'San Diego',11,1);
INSERT INTO FIDE_DISTRITO_TB VALUES (28,'Jacó',18,1);
INSERT INTO FIDE_DISTRITO_TB VALUES (29,'Tamarindo',15,1);
INSERT INTO FIDE_DISTRITO_TB VALUES (30,'Limón Centro',19,1);

INSERT INTO FIDE_DIRECCION_TB VALUES (1,1,'Avenida Central','Casa 101',1);
INSERT INTO FIDE_DIRECCION_TB VALUES (2,2,'Calle 5','Edificio Merced 12',1);
INSERT INTO FIDE_DIRECCION_TB VALUES (3,3,'Calle 3','Casa 45',1);
INSERT INTO FIDE_DIRECCION_TB VALUES (4,4,'Avenida 10','Local 8',1);
INSERT INTO FIDE_DIRECCION_TB VALUES (5,5,'Calle San Miguel','Casa 200',1);
INSERT INTO FIDE_DIRECCION_TB VALUES (6,6,'Avenida Escazú','Local 22',1);
INSERT INTO FIDE_DIRECCION_TB VALUES (7,7,'Calle Real','Casa 55',1);
INSERT INTO FIDE_DIRECCION_TB VALUES (8,8,'Avenida Central','Casa 78',1);
INSERT INTO FIDE_DIRECCION_TB VALUES (9,9,'Calle San Miguel','Casa 120',1);
INSERT INTO FIDE_DIRECCION_TB VALUES (10,10,'Calle Principal','Casa 14',1);
INSERT INTO FIDE_DIRECCION_TB VALUES (11,11,'Avenida Lindora','Local 10',1);
INSERT INTO FIDE_DIRECCION_TB VALUES (12,12,'Boulevard Lindora','Edificio 2',1);
INSERT INTO FIDE_DIRECCION_TB VALUES (13,13,'Calle Pozos','Casa 300',1);
INSERT INTO FIDE_DIRECCION_TB VALUES (14,14,'Calle de la Amargura','Local 5',1);
INSERT INTO FIDE_DIRECCION_TB VALUES (15,15,'Avenida Universitaria','Casa 88',1);
INSERT INTO FIDE_DIRECCION_TB VALUES (16,16,'Calle Central','Casa 20',1);
INSERT INTO FIDE_DIRECCION_TB VALUES (17,17,'Avenida 4','Local 9',1);
INSERT INTO FIDE_DIRECCION_TB VALUES (18,18,'Calle Comercio','Casa 77',1);
INSERT INTO FIDE_DIRECCION_TB VALUES (19,19,'Avenida Santiago','Casa 16',1);
INSERT INTO FIDE_DIRECCION_TB VALUES (20,20,'Calle Grecia','Casa 45',1);
INSERT INTO FIDE_DIRECCION_TB VALUES (21,21,'Avenida San Isidro','Casa 31',1);
INSERT INTO FIDE_DIRECCION_TB VALUES (22,22,'Calle Cartago','Casa 11',1);
INSERT INTO FIDE_DIRECCION_TB VALUES (23,23,'Avenida Occidental','Casa 65',1);
INSERT INTO FIDE_DIRECCION_TB VALUES (24,24,'Calle Paraíso','Casa 100',1);
INSERT INTO FIDE_DIRECCION_TB VALUES (25,25,'Avenida Orosi','Casa 7',1);
INSERT INTO FIDE_DIRECCION_TB VALUES (26,26,'Calle Central Tres Ríos','Local 14',1);
INSERT INTO FIDE_DIRECCION_TB VALUES (27,27,'Avenida San Diego','Casa 55',1);
INSERT INTO FIDE_DIRECCION_TB VALUES (28,28,'Boulevard Jacó','Local 3',1);
INSERT INTO FIDE_DIRECCION_TB VALUES (29,29,'Avenida Tamarindo','Local 12',1);
INSERT INTO FIDE_DIRECCION_TB VALUES (30,30,'Calle Puerto Limón','Casa 90',1);

INSERT INTO FIDE_USUARIO_TB VALUES (101000001,'Carlos','Ramírez','Vargas',SYSDATE,1,1,1);
INSERT INTO FIDE_USUARIO_TB VALUES (101000002,'Daniela','Mora','Sánchez',SYSDATE,2,1,1);
INSERT INTO FIDE_USUARIO_TB VALUES (101000003,'Andrés','Solís','Araya',SYSDATE,3,1,1);
INSERT INTO FIDE_USUARIO_TB VALUES (101000004,'Valeria','Chaves','Rojas',SYSDATE,4,1,1);
INSERT INTO FIDE_USUARIO_TB VALUES (101000005,'Sebastián','Jiménez','Navarro',SYSDATE,5,1,1);
INSERT INTO FIDE_USUARIO_TB VALUES (101000006,'Gabriela','Campos','Murillo',SYSDATE,6,1,1);
INSERT INTO FIDE_USUARIO_TB VALUES (101000007,'Javier','Castro','Méndez',SYSDATE,7,1,1);
INSERT INTO FIDE_USUARIO_TB VALUES (101000008,'Natalia','Pérez','Quesada',SYSDATE,8,1,1);
INSERT INTO FIDE_USUARIO_TB VALUES (101000009,'Esteban','Rodríguez','Arias',SYSDATE,9,1,1);
INSERT INTO FIDE_USUARIO_TB VALUES (101000010,'Mariana','Cordero','Ureña',SYSDATE,10,1,1);
INSERT INTO FIDE_USUARIO_TB VALUES (101000011,'Kevin','González','Vega',SYSDATE,11,1,1);
INSERT INTO FIDE_USUARIO_TB VALUES (101000012,'Lucía','Torres','Brenes',SYSDATE,12,1,1);
INSERT INTO FIDE_USUARIO_TB VALUES (101000013,'Diego','Salas','Montero',SYSDATE,13,1,1);
INSERT INTO FIDE_USUARIO_TB VALUES (101000014,'Sofía','Valverde','Alvarado',SYSDATE,14,1,1);
INSERT INTO FIDE_USUARIO_TB VALUES (101000015,'José','Rojas','Paniagua',SYSDATE,15,1,1);
INSERT INTO FIDE_USUARIO_TB VALUES (101000016,'Paula','Gamboa','Chacón',SYSDATE,16,1,1);
INSERT INTO FIDE_USUARIO_TB VALUES (101000017,'David','Céspedes','Mora',SYSDATE,17,1,1);
INSERT INTO FIDE_USUARIO_TB VALUES (101000018,'Camila','Quesada','Jiménez',SYSDATE,18,1,1);
INSERT INTO FIDE_USUARIO_TB VALUES (101000019,'Fernando','Navarro','Arce',SYSDATE,19,1,1);
INSERT INTO FIDE_USUARIO_TB VALUES (101000020,'Melissa','Campos','Castro',SYSDATE,20,1,1);
INSERT INTO FIDE_USUARIO_TB VALUES (101000021,'Ricardo','Vargas','Arias',SYSDATE,21,1,1);
INSERT INTO FIDE_USUARIO_TB VALUES (101000022,'Andrea','Murillo','Pérez',SYSDATE,22,1,1);
INSERT INTO FIDE_USUARIO_TB VALUES (101000023,'Mauricio','Solano','Mora',SYSDATE,23,1,1);
INSERT INTO FIDE_USUARIO_TB VALUES (101000024,'Tatiana','Jiménez','Salas',SYSDATE,24,1,1);
INSERT INTO FIDE_USUARIO_TB VALUES (101000025,'Manuel','González','Torres',SYSDATE,25,1,1);
INSERT INTO FIDE_USUARIO_TB VALUES (101000026,'Isabel','Chaves','Araya',SYSDATE,26,1,1);
INSERT INTO FIDE_USUARIO_TB VALUES (101000027,'Steven','Brenes','Campos',SYSDATE,27,1,1);
INSERT INTO FIDE_USUARIO_TB VALUES (101000028,'Karen','Sánchez','Valverde',SYSDATE,28,1,1);
INSERT INTO FIDE_USUARIO_TB VALUES (101000029,'Adrián','Cordero','Solís',SYSDATE,29,1,1);
INSERT INTO FIDE_USUARIO_TB VALUES (101000030,'Verónica','Navarro','Rojas',SYSDATE,30,1,1);
INSERT INTO FIDE_USUARIO_TB VALUES (101000031,'Alejandro','Murillo','Vega',SYSDATE,1,3,1);
INSERT INTO FIDE_USUARIO_TB VALUES (101000032,'María','Quesada','Chaves',SYSDATE,2,3,1);
INSERT INTO FIDE_USUARIO_TB VALUES (101000033,'Cristian','Campos','Pérez',SYSDATE,3,4,1);
INSERT INTO FIDE_USUARIO_TB VALUES (101000034,'Laura','Gamboa','Solano',SYSDATE,4,4,1);
INSERT INTO FIDE_USUARIO_TB VALUES (101000035,'Óscar','Rojas','Jiménez',SYSDATE,5,2,1);
INSERT INTO FIDE_USUARIO_TB VALUES (101000036,'Elena','Salas','Murillo',SYSDATE,6,2,1);
INSERT INTO FIDE_USUARIO_TB VALUES (101000037,'Bryan','Castro','Cordero',SYSDATE,7,5,1);
INSERT INTO FIDE_USUARIO_TB VALUES (101000038,'Jimena','Torres','Navarro',SYSDATE,8,5,1);
INSERT INTO FIDE_USUARIO_TB VALUES (101000039,'Leonardo','Pérez','Campos',SYSDATE,9,1,1);
INSERT INTO FIDE_USUARIO_TB VALUES (101000040,'Diana','Arias','Solís',SYSDATE,10,1,1);
INSERT INTO FIDE_USUARIO_TB VALUES (101000041,'Luis','Méndez','González',SYSDATE,11,1,1);
INSERT INTO FIDE_USUARIO_TB VALUES (101000042,'Patricia','Vega','Rojas',SYSDATE,12,1,1);
INSERT INTO FIDE_USUARIO_TB VALUES (101000043,'Jonathan','Araya','Campos',SYSDATE,13,1,1);
INSERT INTO FIDE_USUARIO_TB VALUES (101000044,'Silvia','Murillo','Jiménez',SYSDATE,14,1,1);
INSERT INTO FIDE_USUARIO_TB VALUES (101000045,'Marco','Salas','Navarro',SYSDATE,15,1,1);
INSERT INTO FIDE_USUARIO_TB VALUES (101000046,'Carolina','Quesada','Torres',SYSDATE,16,1,1);
INSERT INTO FIDE_USUARIO_TB VALUES (101000047,'Héctor','Campos','Mora',SYSDATE,17,1,1);
INSERT INTO FIDE_USUARIO_TB VALUES (101000048,'Daniel','González','Cordero',SYSDATE,18,1,1);
INSERT INTO FIDE_USUARIO_TB VALUES (101000049,'Ana','Vargas','Jiménez',SYSDATE,19,1,1);
INSERT INTO FIDE_USUARIO_TB VALUES (101000050,'Roberto','Castro','Solano',SYSDATE,20,1,1);

INSERT INTO FIDE_CORREO_TB VALUES (101000001,'carlos.ramirez@email.com',1);
INSERT INTO FIDE_CORREO_TB VALUES (101000002,'daniela.mora@email.com',1);
INSERT INTO FIDE_CORREO_TB VALUES (101000003,'andres.solis@email.com',1);
INSERT INTO FIDE_CORREO_TB VALUES (101000004,'valeria.chaves@email.com',1);
INSERT INTO FIDE_CORREO_TB VALUES (101000005,'sebastian.jimenez@email.com',1);
INSERT INTO FIDE_CORREO_TB VALUES (101000006,'gabriela.campos@email.com',1);
INSERT INTO FIDE_CORREO_TB VALUES (101000007,'javier.castro@email.com',1);
INSERT INTO FIDE_CORREO_TB VALUES (101000008,'natalia.perez@email.com',1);
INSERT INTO FIDE_CORREO_TB VALUES (101000009,'esteban.rodriguez@email.com',1);
INSERT INTO FIDE_CORREO_TB VALUES (101000010,'mariana.cordero@email.com',1);
INSERT INTO FIDE_CORREO_TB VALUES (101000011,'kevin.gonzalez@email.com',1);
INSERT INTO FIDE_CORREO_TB VALUES (101000012,'lucia.torres@email.com',1);
INSERT INTO FIDE_CORREO_TB VALUES (101000013,'diego.salas@email.com',1);
INSERT INTO FIDE_CORREO_TB VALUES (101000014,'sofia.valverde@email.com',1);
INSERT INTO FIDE_CORREO_TB VALUES (101000015,'jose.rojas@email.com',1);
INSERT INTO FIDE_CORREO_TB VALUES (101000016,'paula.gamboa@email.com',1);
INSERT INTO FIDE_CORREO_TB VALUES (101000017,'david.cespedes@email.com',1);
INSERT INTO FIDE_CORREO_TB VALUES (101000018,'camila.quesada@email.com',1);
INSERT INTO FIDE_CORREO_TB VALUES (101000019,'fernando.navarro@email.com',1);
INSERT INTO FIDE_CORREO_TB VALUES (101000020,'melissa.campos@email.com',1);
INSERT INTO FIDE_CORREO_TB VALUES (101000021,'ricardo.vargas@email.com',1);
INSERT INTO FIDE_CORREO_TB VALUES (101000022,'andrea.murillo@email.com',1);
INSERT INTO FIDE_CORREO_TB VALUES (101000023,'mauricio.solano@email.com',1);
INSERT INTO FIDE_CORREO_TB VALUES (101000024,'tatiana.jimenez@email.com',1);
INSERT INTO FIDE_CORREO_TB VALUES (101000025,'manuel.gonzalez@email.com',1);
INSERT INTO FIDE_CORREO_TB VALUES (101000026,'isabel.chaves@email.com',1);
INSERT INTO FIDE_CORREO_TB VALUES (101000027,'steven.brenes@email.com',1);
INSERT INTO FIDE_CORREO_TB VALUES (101000028,'karen.sanchez@email.com',1);
INSERT INTO FIDE_CORREO_TB VALUES (101000029,'adrian.cordero@email.com',1);
INSERT INTO FIDE_CORREO_TB VALUES (101000030,'veronica.navarro@email.com',1);
INSERT INTO FIDE_CORREO_TB VALUES (101000031,'alejandro.murillo@email.com',1);
INSERT INTO FIDE_CORREO_TB VALUES (101000032,'maria.quesada@email.com',1);
INSERT INTO FIDE_CORREO_TB VALUES (101000033,'cristian.campos@email.com',1);
INSERT INTO FIDE_CORREO_TB VALUES (101000034,'laura.gamboa@email.com',1);
INSERT INTO FIDE_CORREO_TB VALUES (101000035,'oscar.rojas@email.com',1);
INSERT INTO FIDE_CORREO_TB VALUES (101000036,'elena.salas@email.com',1);
INSERT INTO FIDE_CORREO_TB VALUES (101000037,'bryan.castro@email.com',1);
INSERT INTO FIDE_CORREO_TB VALUES (101000038,'jimena.torres@email.com',1);
INSERT INTO FIDE_CORREO_TB VALUES (101000039,'leonardo.perez@email.com',1);
INSERT INTO FIDE_CORREO_TB VALUES (101000040,'diana.arias@email.com',1);
INSERT INTO FIDE_CORREO_TB VALUES (101000041,'luis.mendez@email.com',1);
INSERT INTO FIDE_CORREO_TB VALUES (101000042,'patricia.vega@email.com',1);
INSERT INTO FIDE_CORREO_TB VALUES (101000043,'jonathan.araya@email.com',1);
INSERT INTO FIDE_CORREO_TB VALUES (101000044,'silvia.murillo@email.com',1);
INSERT INTO FIDE_CORREO_TB VALUES (101000045,'marco.salas@email.com',1);
INSERT INTO FIDE_CORREO_TB VALUES (101000046,'carolina.quesada@email.com',1);
INSERT INTO FIDE_CORREO_TB VALUES (101000047,'hector.campos@email.com',1);
INSERT INTO FIDE_CORREO_TB VALUES (101000048,'daniel.gonzalez@email.com',1);
INSERT INTO FIDE_CORREO_TB VALUES (101000049,'ana.vargas@email.com',1);
INSERT INTO FIDE_CORREO_TB VALUES (101000050,'roberto.castro@email.com',1);

INSERT INTO FIDE_TELEFONO_TB VALUES (101000001,'88123456',1);
INSERT INTO FIDE_TELEFONO_TB VALUES (101000002,'88234567',1);
INSERT INTO FIDE_TELEFONO_TB VALUES (101000003,'88345678',1);
INSERT INTO FIDE_TELEFONO_TB VALUES (101000004,'88456789',1);
INSERT INTO FIDE_TELEFONO_TB VALUES (101000005,'88567890',1);
INSERT INTO FIDE_TELEFONO_TB VALUES (101000006,'88678901',1);
INSERT INTO FIDE_TELEFONO_TB VALUES (101000007,'88789012',1);
INSERT INTO FIDE_TELEFONO_TB VALUES (101000008,'88890123',1);
INSERT INTO FIDE_TELEFONO_TB VALUES (101000009,'88901234',1);
INSERT INTO FIDE_TELEFONO_TB VALUES (101000010,'88012345',1);
INSERT INTO FIDE_TELEFONO_TB VALUES (101000011,'87123456',1);
INSERT INTO FIDE_TELEFONO_TB VALUES (101000012,'87234567',1);
INSERT INTO FIDE_TELEFONO_TB VALUES (101000013,'87345678',1);
INSERT INTO FIDE_TELEFONO_TB VALUES (101000014,'87456789',1);
INSERT INTO FIDE_TELEFONO_TB VALUES (101000015,'87567890',1);
INSERT INTO FIDE_TELEFONO_TB VALUES (101000016,'87678901',1);
INSERT INTO FIDE_TELEFONO_TB VALUES (101000017,'87789012',1);
INSERT INTO FIDE_TELEFONO_TB VALUES (101000018,'87890123',1);
INSERT INTO FIDE_TELEFONO_TB VALUES (101000019,'87901234',1);
INSERT INTO FIDE_TELEFONO_TB VALUES (101000020,'87012345',1);
INSERT INTO FIDE_TELEFONO_TB VALUES (101000021,'86123456',1);
INSERT INTO FIDE_TELEFONO_TB VALUES (101000022,'86234567',1);
INSERT INTO FIDE_TELEFONO_TB VALUES (101000023,'86345678',1);
INSERT INTO FIDE_TELEFONO_TB VALUES (101000024,'86456789',1);
INSERT INTO FIDE_TELEFONO_TB VALUES (101000025,'86567890',1);
INSERT INTO FIDE_TELEFONO_TB VALUES (101000026,'86678901',1);
INSERT INTO FIDE_TELEFONO_TB VALUES (101000027,'86789012',1);
INSERT INTO FIDE_TELEFONO_TB VALUES (101000028,'86890123',1);
INSERT INTO FIDE_TELEFONO_TB VALUES (101000029,'86901234',1);
INSERT INTO FIDE_TELEFONO_TB VALUES (101000030,'86012345',1);
INSERT INTO FIDE_TELEFONO_TB VALUES (101000031,'85123456',1);
INSERT INTO FIDE_TELEFONO_TB VALUES (101000032,'85234567',1);
INSERT INTO FIDE_TELEFONO_TB VALUES (101000033,'85345678',1);
INSERT INTO FIDE_TELEFONO_TB VALUES (101000034,'85456789',1);
INSERT INTO FIDE_TELEFONO_TB VALUES (101000035,'85567890',1);
INSERT INTO FIDE_TELEFONO_TB VALUES (101000036,'85678901',1);
INSERT INTO FIDE_TELEFONO_TB VALUES (101000037,'85789012',1);
INSERT INTO FIDE_TELEFONO_TB VALUES (101000038,'85890123',1);
INSERT INTO FIDE_TELEFONO_TB VALUES (101000039,'85901234',1);
INSERT INTO FIDE_TELEFONO_TB VALUES (101000040,'85012345',1);
INSERT INTO FIDE_TELEFONO_TB VALUES (101000041,'84123456',1);
INSERT INTO FIDE_TELEFONO_TB VALUES (101000042,'84234567',1);
INSERT INTO FIDE_TELEFONO_TB VALUES (101000043,'84345678',1);
INSERT INTO FIDE_TELEFONO_TB VALUES (101000044,'84456789',1);
INSERT INTO FIDE_TELEFONO_TB VALUES (101000045,'84567890',1);
INSERT INTO FIDE_TELEFONO_TB VALUES (101000046,'84678901',1);
INSERT INTO FIDE_TELEFONO_TB VALUES (101000047,'84789012',1);
INSERT INTO FIDE_TELEFONO_TB VALUES (101000048,'84890123',1);
INSERT INTO FIDE_TELEFONO_TB VALUES (101000049,'84901234',1);
INSERT INTO FIDE_TELEFONO_TB VALUES (101000050,'84012345',1);

INSERT INTO FIDE_CUENTA_TB VALUES (1,101000001,'carlosr','hash_pass_001',SYSDATE,1);
INSERT INTO FIDE_CUENTA_TB VALUES (2,101000002,'danielam','hash_pass_002',SYSDATE,1);
INSERT INTO FIDE_CUENTA_TB VALUES (3,101000003,'andress','hash_pass_003',SYSDATE,1);
INSERT INTO FIDE_CUENTA_TB VALUES (4,101000004,'valeriac','hash_pass_004',SYSDATE,1);
INSERT INTO FIDE_CUENTA_TB VALUES (5,101000005,'sebastianj','hash_pass_005',SYSDATE,1);
INSERT INTO FIDE_CUENTA_TB VALUES (6,101000006,'gabrielac','hash_pass_006',SYSDATE,1);
INSERT INTO FIDE_CUENTA_TB VALUES (7,101000007,'javierc','hash_pass_007',SYSDATE,1);
INSERT INTO FIDE_CUENTA_TB VALUES (8,101000008,'nataliap','hash_pass_008',SYSDATE,1);
INSERT INTO FIDE_CUENTA_TB VALUES (9,101000009,'estebanr','hash_pass_009',SYSDATE,1);
INSERT INTO FIDE_CUENTA_TB VALUES (10,101000010,'marianac','hash_pass_010',SYSDATE,1);
INSERT INTO FIDE_CUENTA_TB VALUES (11,101000011,'keving','hash_pass_011',SYSDATE,1);
INSERT INTO FIDE_CUENTA_TB VALUES (12,101000012,'luciat','hash_pass_012',SYSDATE,1);
INSERT INTO FIDE_CUENTA_TB VALUES (13,101000013,'diegos','hash_pass_013',SYSDATE,1);
INSERT INTO FIDE_CUENTA_TB VALUES (14,101000014,'sofiv','hash_pass_014',SYSDATE,1);
INSERT INTO FIDE_CUENTA_TB VALUES (15,101000015,'joser','hash_pass_015',SYSDATE,1);
INSERT INTO FIDE_CUENTA_TB VALUES (16,101000016,'paulag','hash_pass_016',SYSDATE,1);
INSERT INTO FIDE_CUENTA_TB VALUES (17,101000017,'davidc','hash_pass_017',SYSDATE,1);
INSERT INTO FIDE_CUENTA_TB VALUES (18,101000018,'camilaq','hash_pass_018',SYSDATE,1);
INSERT INTO FIDE_CUENTA_TB VALUES (19,101000019,'fernandon','hash_pass_019',SYSDATE,1);
INSERT INTO FIDE_CUENTA_TB VALUES (20,101000020,'melissac','hash_pass_020',SYSDATE,1);
INSERT INTO FIDE_CUENTA_TB VALUES (21,101000021,'ricardov','hash_pass_021',SYSDATE,1);
INSERT INTO FIDE_CUENTA_TB VALUES (22,101000022,'andream','hash_pass_022',SYSDATE,1);
INSERT INTO FIDE_CUENTA_TB VALUES (23,101000023,'mauricios','hash_pass_023',SYSDATE,1);
INSERT INTO FIDE_CUENTA_TB VALUES (24,101000024,'tatianaj','hash_pass_024',SYSDATE,1);
INSERT INTO FIDE_CUENTA_TB VALUES (25,101000025,'manuelg','hash_pass_025',SYSDATE,1);
INSERT INTO FIDE_CUENTA_TB VALUES (26,101000026,'isabelc','hash_pass_026',SYSDATE,1);
INSERT INTO FIDE_CUENTA_TB VALUES (27,101000027,'stevenb','hash_pass_027',SYSDATE,1);
INSERT INTO FIDE_CUENTA_TB VALUES (28,101000028,'karens','hash_pass_028',SYSDATE,1);
INSERT INTO FIDE_CUENTA_TB VALUES (29,101000029,'adrianc','hash_pass_029',SYSDATE,1);
INSERT INTO FIDE_CUENTA_TB VALUES (30,101000030,'veronican','hash_pass_030',SYSDATE,1);
INSERT INTO FIDE_CUENTA_TB VALUES (31,101000031,'alejandrom','hash_pass_031',SYSDATE,1);
INSERT INTO FIDE_CUENTA_TB VALUES (32,101000032,'mariaq','hash_pass_032',SYSDATE,1);
INSERT INTO FIDE_CUENTA_TB VALUES (33,101000033,'cristianc','hash_pass_033',SYSDATE,1);
INSERT INTO FIDE_CUENTA_TB VALUES (34,101000034,'laurag','hash_pass_034',SYSDATE,1);
INSERT INTO FIDE_CUENTA_TB VALUES (35,101000035,'oscarr','hash_pass_035',SYSDATE,1);
INSERT INTO FIDE_CUENTA_TB VALUES (36,101000036,'elenas','hash_pass_036',SYSDATE,1);
INSERT INTO FIDE_CUENTA_TB VALUES (37,101000037,'bryanc','hash_pass_037',SYSDATE,1);
INSERT INTO FIDE_CUENTA_TB VALUES (38,101000038,'jimenat','hash_pass_038',SYSDATE,1);
INSERT INTO FIDE_CUENTA_TB VALUES (39,101000039,'leonardop','hash_pass_039',SYSDATE,1);
INSERT INTO FIDE_CUENTA_TB VALUES (40,101000040,'dianaa','hash_pass_040',SYSDATE,1);
INSERT INTO FIDE_CUENTA_TB VALUES (41,101000041,'luism','hash_pass_041',SYSDATE,1);
INSERT INTO FIDE_CUENTA_TB VALUES (42,101000042,'patriciav','hash_pass_042',SYSDATE,1);
INSERT INTO FIDE_CUENTA_TB VALUES (43,101000043,'jonathana','hash_pass_043',SYSDATE,1);
INSERT INTO FIDE_CUENTA_TB VALUES (44,101000044,'silviam','hash_pass_044',SYSDATE,1);
INSERT INTO FIDE_CUENTA_TB VALUES (45,101000045,'marcos','hash_pass_045',SYSDATE,1);
INSERT INTO FIDE_CUENTA_TB VALUES (46,101000046,'carolinaq','hash_pass_046',SYSDATE,1);
INSERT INTO FIDE_CUENTA_TB VALUES (47,101000047,'hectorc','hash_pass_047',SYSDATE,1);
INSERT INTO FIDE_CUENTA_TB VALUES (48,101000048,'danielg','hash_pass_048',SYSDATE,1);
INSERT INTO FIDE_CUENTA_TB VALUES (49,101000049,'anav','hash_pass_049',SYSDATE,1);
INSERT INTO FIDE_CUENTA_TB VALUES (50,101000050,'robertoc','hash_pass_050',SYSDATE,1);

INSERT INTO FIDE_TIPO_OTP_TB VALUES (1,'Verificación de Registro',1);
INSERT INTO FIDE_TIPO_OTP_TB VALUES (2,'Inicio de Sesión',1);
INSERT INTO FIDE_TIPO_OTP_TB VALUES (3,'Recuperación de Contraseña',1);
INSERT INTO FIDE_TIPO_OTP_TB VALUES (4,'Doble Factor de Autenticación',1);
INSERT INTO FIDE_TIPO_OTP_TB VALUES (5,'Cambio de Correo Electrónico',1);

INSERT INTO FIDE_CODIGO_OTP_TB VALUES (1,1,1,'otp_hash_001',SYSDATE+1/24,NULL,0,SYSDATE,1);
INSERT INTO FIDE_CODIGO_OTP_TB VALUES (2,2,2,'otp_hash_002',SYSDATE+1/24,NULL,0,SYSDATE,1);
INSERT INTO FIDE_CODIGO_OTP_TB VALUES (3,3,3,'otp_hash_003',SYSDATE+1/24,NULL,0,SYSDATE,1);
INSERT INTO FIDE_CODIGO_OTP_TB VALUES (4,4,1,'otp_hash_004',SYSDATE+1/24,NULL,0,SYSDATE,1);
INSERT INTO FIDE_CODIGO_OTP_TB VALUES (5,5,2,'otp_hash_005',SYSDATE+1/24,NULL,0,SYSDATE,1);
INSERT INTO FIDE_CODIGO_OTP_TB VALUES (6,6,1,'otp_hash_006',SYSDATE+1/24,NULL,0,SYSDATE,1);
INSERT INTO FIDE_CODIGO_OTP_TB VALUES (7,7,3,'otp_hash_007',SYSDATE+1/24,NULL,0,SYSDATE,1);
INSERT INTO FIDE_CODIGO_OTP_TB VALUES (8,8,2,'otp_hash_008',SYSDATE+1/24,NULL,0,SYSDATE,1);
INSERT INTO FIDE_CODIGO_OTP_TB VALUES (9,9,1,'otp_hash_009',SYSDATE+1/24,NULL,0,SYSDATE,1);
INSERT INTO FIDE_CODIGO_OTP_TB VALUES (10,10,2,'otp_hash_010',SYSDATE+1/24,NULL,0,SYSDATE,1);
INSERT INTO FIDE_CODIGO_OTP_TB VALUES (11,11,3,'otp_hash_011',SYSDATE+1/24,NULL,0,SYSDATE,1);
INSERT INTO FIDE_CODIGO_OTP_TB VALUES (12,12,1,'otp_hash_012',SYSDATE+1/24,NULL,0,SYSDATE,1);
INSERT INTO FIDE_CODIGO_OTP_TB VALUES (13,13,2,'otp_hash_013',SYSDATE+1/24,NULL,0,SYSDATE,1);
INSERT INTO FIDE_CODIGO_OTP_TB VALUES (14,14,3,'otp_hash_014',SYSDATE+1/24,NULL,0,SYSDATE,1);
INSERT INTO FIDE_CODIGO_OTP_TB VALUES (15,15,1,'otp_hash_015',SYSDATE+1/24,NULL,0,SYSDATE,1);

INSERT INTO FIDE_REFRESH_TOKEN_TB VALUES (1,1,'token_hash_001','jti_001','192.168.1.1','Mozilla/5.0 Chrome',SYSDATE+7,NULL,1);
INSERT INTO FIDE_REFRESH_TOKEN_TB VALUES (2,2,'token_hash_002','jti_002','192.168.1.2','Mozilla/5.0 Chrome',SYSDATE+7,NULL,1);
INSERT INTO FIDE_REFRESH_TOKEN_TB VALUES (3,3,'token_hash_003','jti_003','192.168.1.3','Mozilla/5.0 Chrome',SYSDATE+7,NULL,1);
INSERT INTO FIDE_REFRESH_TOKEN_TB VALUES (4,4,'token_hash_004','jti_004','192.168.1.4','Mozilla/5.0 Chrome',SYSDATE+7,NULL,1);
INSERT INTO FIDE_REFRESH_TOKEN_TB VALUES (5,5,'token_hash_005','jti_005','192.168.1.5','Mozilla/5.0 Chrome',SYSDATE+7,NULL,1);
INSERT INTO FIDE_REFRESH_TOKEN_TB VALUES (6,6,'token_hash_006','jti_006','192.168.1.6','Mozilla/5.0 Chrome',SYSDATE+7,NULL,1);
INSERT INTO FIDE_REFRESH_TOKEN_TB VALUES (7,7,'token_hash_007','jti_007','192.168.1.7','Mozilla/5.0 Chrome',SYSDATE+7,NULL,1);
INSERT INTO FIDE_REFRESH_TOKEN_TB VALUES (8,8,'token_hash_008','jti_008','192.168.1.8','Mozilla/5.0 Chrome',SYSDATE+7,NULL,1);
INSERT INTO FIDE_REFRESH_TOKEN_TB VALUES (9,9,'token_hash_009','jti_009','192.168.1.9','Mozilla/5.0 Chrome',SYSDATE+7,NULL,1);
INSERT INTO FIDE_REFRESH_TOKEN_TB VALUES (10,10,'token_hash_010','jti_010','192.168.1.10','Mozilla/5.0 Chrome',SYSDATE+7,NULL,1);

INSERT INTO FIDE_CATEGORIA_TB VALUES (1,'Gorras',1);
INSERT INTO FIDE_CATEGORIA_TB VALUES (2,'Camisas',1);
INSERT INTO FIDE_CATEGORIA_TB VALUES (3,'Pulseras',1);
INSERT INTO FIDE_CATEGORIA_TB VALUES (4,'Stickers',1);
INSERT INTO FIDE_CATEGORIA_TB VALUES (5,'Hoodies',1);
INSERT INTO FIDE_CATEGORIA_TB VALUES (6,'Bolsos',1);
INSERT INTO FIDE_CATEGORIA_TB VALUES (7,'Lanyards',1);
INSERT INTO FIDE_CATEGORIA_TB VALUES (8,'Botellas',1);
INSERT INTO FIDE_CATEGORIA_TB VALUES (9,'Pines',1);
INSERT INTO FIDE_CATEGORIA_TB VALUES (10,'Posters',1);

INSERT INTO FIDE_PRODUCTO_TB VALUES (1,'Gorra Techno Jungle','Gorra negra con logo Techno Jungle Festival',15000,1,1);
INSERT INTO FIDE_PRODUCTO_TB VALUES (2,'Gorra Sunset Rave','Gorra edición playa Tamarindo',16000,1,1);
INSERT INTO FIDE_PRODUCTO_TB VALUES (3,'Gorra Beat Nation','Gorra oficial Beat Nation CR',14000,1,1);
INSERT INTO FIDE_PRODUCTO_TB VALUES (4,'Gorra Bass Drop','Gorra negra con bordado Bass Drop',15500,1,1);
INSERT INTO FIDE_PRODUCTO_TB VALUES (5,'Gorra Underground','Gorra edición limitada Underground Cartago',17000,1,1);
INSERT INTO FIDE_PRODUCTO_TB VALUES (6,'Camisa Jacó Bass Festival','Camiseta oficial del festival Jacó Bass',20000,2,1);
INSERT INTO FIDE_PRODUCTO_TB VALUES (7,'Camisa Tamarindo Sunset','Camiseta edición sunset rave',21000,2,1);
INSERT INTO FIDE_PRODUCTO_TB VALUES (8,'Camisa Warehouse Nights','Camiseta negra estilo techno industrial',22000,2,1);
INSERT INTO FIDE_PRODUCTO_TB VALUES (9,'Camisa Beat Nation','Camiseta oficial marca Beat Nation',19000,2,1);
INSERT INTO FIDE_PRODUCTO_TB VALUES (10,'Camisa Cartago Underground','Camiseta edición rave underground',23000,2,1);
INSERT INTO FIDE_PRODUCTO_TB VALUES (11,'Pulsera VIP','Pulsera VIP acceso backstage',5000,3,1);
INSERT INTO FIDE_PRODUCTO_TB VALUES (12,'Pulsera Neon Rave','Pulsera fluorescente rave',3500,3,1);
INSERT INTO FIDE_PRODUCTO_TB VALUES (13,'Pulsera Beat Nation','Pulsera oficial del evento',4000,3,1);
INSERT INTO FIDE_PRODUCTO_TB VALUES (14,'Pulsera Festival','Pulsera acceso general festival',3000,3,1);
INSERT INTO FIDE_PRODUCTO_TB VALUES (15,'Pulsera Techno','Pulsera temática techno',4500,3,1);
INSERT INTO FIDE_PRODUCTO_TB VALUES (16,'Sticker Techno Pack','Pack de 5 stickers techno',2500,4,1);
INSERT INTO FIDE_PRODUCTO_TB VALUES (17,'Sticker Beat Nation','Sticker logo Beat Nation',1500,4,1);
INSERT INTO FIDE_PRODUCTO_TB VALUES (18,'Sticker Bass Drop','Sticker edición Bass Drop',2000,4,1);
INSERT INTO FIDE_PRODUCTO_TB VALUES (19,'Sticker Sunset Rave','Sticker Tamarindo Sunset',2000,4,1);
INSERT INTO FIDE_PRODUCTO_TB VALUES (20,'Sticker Underground','Sticker rave underground',1800,4,1);
INSERT INTO FIDE_PRODUCTO_TB VALUES (21,'Hoodie Techno','Hoodie negro techno edition',35000,5,1);
INSERT INTO FIDE_PRODUCTO_TB VALUES (22,'Hoodie Beat Nation','Hoodie oficial Beat Nation',34000,5,1);
INSERT INTO FIDE_PRODUCTO_TB VALUES (23,'Hoodie Sunset Rave','Hoodie edición Tamarindo',36000,5,1);
INSERT INTO FIDE_PRODUCTO_TB VALUES (24,'Hoodie Underground','Hoodie edición Cartago rave',35500,5,1);
INSERT INTO FIDE_PRODUCTO_TB VALUES (25,'Hoodie Bass Festival','Hoodie edición festival',37000,5,1);
INSERT INTO FIDE_PRODUCTO_TB VALUES (26,'Bolso Festival','Bolso para eventos electrónicos',12000,6,1);
INSERT INTO FIDE_PRODUCTO_TB VALUES (27,'Bolso Beat Nation','Bolso oficial Beat Nation',13000,6,1);
INSERT INTO FIDE_PRODUCTO_TB VALUES (28,'Bolso Rave','Bolso pequeño rave',11000,6,1);
INSERT INTO FIDE_PRODUCTO_TB VALUES (29,'Bolso Tamarindo','Bolso edición playa',12500,6,1);
INSERT INTO FIDE_PRODUCTO_TB VALUES (30,'Bolso Underground','Bolso edición techno',13500,6,1);
INSERT INTO FIDE_PRODUCTO_TB VALUES (31,'Lanyard VIP','Lanyard para credencial VIP',4000,7,1);
INSERT INTO FIDE_PRODUCTO_TB VALUES (32,'Lanyard Beat Nation','Lanyard oficial evento',3500,7,1);
INSERT INTO FIDE_PRODUCTO_TB VALUES (33,'Lanyard Festival','Lanyard edición festival',3800,7,1);
INSERT INTO FIDE_PRODUCTO_TB VALUES (34,'Lanyard Techno','Lanyard temática techno',3600,7,1);
INSERT INTO FIDE_PRODUCTO_TB VALUES (35,'Lanyard Rave','Lanyard rave edition',3700,7,1);
INSERT INTO FIDE_PRODUCTO_TB VALUES (36,'Botella Festival','Botella reutilizable festival',9000,8,1);
INSERT INTO FIDE_PRODUCTO_TB VALUES (37,'Botella Beat Nation','Botella oficial marca',9500,8,1);
INSERT INTO FIDE_PRODUCTO_TB VALUES (38,'Botella Techno','Botella temática techno',9800,8,1);
INSERT INTO FIDE_PRODUCTO_TB VALUES (39,'Botella Sunset','Botella edición Tamarindo',10000,8,1);
INSERT INTO FIDE_PRODUCTO_TB VALUES (40,'Botella Bass','Botella edición Bass Festival',9700,8,1);
INSERT INTO FIDE_PRODUCTO_TB VALUES (41,'Pin Techno','Pin metálico techno',2000,9,1);
INSERT INTO FIDE_PRODUCTO_TB VALUES (42,'Pin Beat Nation','Pin logo Beat Nation',2200,9,1);
INSERT INTO FIDE_PRODUCTO_TB VALUES (43,'Pin Rave','Pin rave edition',2100,9,1);
INSERT INTO FIDE_PRODUCTO_TB VALUES (44,'Pin Bass Drop','Pin Bass Drop',2300,9,1);
INSERT INTO FIDE_PRODUCTO_TB VALUES (45,'Pin Sunset','Pin Tamarindo Sunset',2400,9,1);
INSERT INTO FIDE_PRODUCTO_TB VALUES (46,'Poster Jacó Bass','Poster oficial festival',8000,10,1);
INSERT INTO FIDE_PRODUCTO_TB VALUES (47,'Poster Tamarindo Sunset','Poster rave playa',8500,10,1);
INSERT INTO FIDE_PRODUCTO_TB VALUES (48,'Poster Beat Nation','Poster oficial Beat Nation',7500,10,1);
INSERT INTO FIDE_PRODUCTO_TB VALUES (49,'Poster Underground','Poster techno underground',8200,10,1);
INSERT INTO FIDE_PRODUCTO_TB VALUES (50,'Poster Warehouse Nights','Poster evento warehouse',8300,10,1);

INSERT INTO FIDE_INVENTARIO_TB VALUES (1,1,120,1);
INSERT INTO FIDE_INVENTARIO_TB VALUES (2,2,100,1);
INSERT INTO FIDE_INVENTARIO_TB VALUES (3,3,150,1);
INSERT INTO FIDE_INVENTARIO_TB VALUES (4,4,90,1);
INSERT INTO FIDE_INVENTARIO_TB VALUES (5,5,80,1);
INSERT INTO FIDE_INVENTARIO_TB VALUES (6,6,200,1);
INSERT INTO FIDE_INVENTARIO_TB VALUES (7,7,180,1);
INSERT INTO FIDE_INVENTARIO_TB VALUES (8,8,160,1);
INSERT INTO FIDE_INVENTARIO_TB VALUES (9,9,170,1);
INSERT INTO FIDE_INVENTARIO_TB VALUES (10,10,150,1);
INSERT INTO FIDE_INVENTARIO_TB VALUES (11,11,300,1);
INSERT INTO FIDE_INVENTARIO_TB VALUES (12,12,280,1);
INSERT INTO FIDE_INVENTARIO_TB VALUES (13,13,260,1);
INSERT INTO FIDE_INVENTARIO_TB VALUES (14,14,240,1);
INSERT INTO FIDE_INVENTARIO_TB VALUES (15,15,220,1);
INSERT INTO FIDE_INVENTARIO_TB VALUES (16,16,400,1);
INSERT INTO FIDE_INVENTARIO_TB VALUES (17,17,420,1);
INSERT INTO FIDE_INVENTARIO_TB VALUES (18,18,380,1);
INSERT INTO FIDE_INVENTARIO_TB VALUES (19,19,350,1);
INSERT INTO FIDE_INVENTARIO_TB VALUES (20,20,360,1);
INSERT INTO FIDE_INVENTARIO_TB VALUES (21,21,70,1);
INSERT INTO FIDE_INVENTARIO_TB VALUES (22,22,65,1);
INSERT INTO FIDE_INVENTARIO_TB VALUES (23,23,75,1);
INSERT INTO FIDE_INVENTARIO_TB VALUES (24,24,60,1);
INSERT INTO FIDE_INVENTARIO_TB VALUES (25,25,55,1);
INSERT INTO FIDE_INVENTARIO_TB VALUES (26,26,140,1);
INSERT INTO FIDE_INVENTARIO_TB VALUES (27,27,130,1);
INSERT INTO FIDE_INVENTARIO_TB VALUES (28,28,120,1);
INSERT INTO FIDE_INVENTARIO_TB VALUES (29,29,110,1);
INSERT INTO FIDE_INVENTARIO_TB VALUES (30,30,100,1);
INSERT INTO FIDE_INVENTARIO_TB VALUES (31,31,210,1);
INSERT INTO FIDE_INVENTARIO_TB VALUES (32,32,200,1);
INSERT INTO FIDE_INVENTARIO_TB VALUES (33,33,190,1);
INSERT INTO FIDE_INVENTARIO_TB VALUES (34,34,180,1);
INSERT INTO FIDE_INVENTARIO_TB VALUES (35,35,170,1);
INSERT INTO FIDE_INVENTARIO_TB VALUES (36,36,150,1);
INSERT INTO FIDE_INVENTARIO_TB VALUES (37,37,140,1);
INSERT INTO FIDE_INVENTARIO_TB VALUES (38,38,130,1);
INSERT INTO FIDE_INVENTARIO_TB VALUES (39,39,120,1);
INSERT INTO FIDE_INVENTARIO_TB VALUES (40,40,110,1);
INSERT INTO FIDE_INVENTARIO_TB VALUES (41,41,300,1);
INSERT INTO FIDE_INVENTARIO_TB VALUES (42,42,280,1);
INSERT INTO FIDE_INVENTARIO_TB VALUES (43,43,260,1);
INSERT INTO FIDE_INVENTARIO_TB VALUES (44,44,240,1);
INSERT INTO FIDE_INVENTARIO_TB VALUES (45,45,220,1);
INSERT INTO FIDE_INVENTARIO_TB VALUES (46,46,90,1);
INSERT INTO FIDE_INVENTARIO_TB VALUES (47,47,85,1);
INSERT INTO FIDE_INVENTARIO_TB VALUES (48,48,80,1);
INSERT INTO FIDE_INVENTARIO_TB VALUES (49,49,75,1);
INSERT INTO FIDE_INVENTARIO_TB VALUES (50,50,70,1);

INSERT INTO FIDE_TIPO_MOVIMIENTO_TB VALUES (1,'Entrada de Inventario',1);
INSERT INTO FIDE_TIPO_MOVIMIENTO_TB VALUES (2,'Salida por Venta',1);
INSERT INTO FIDE_TIPO_MOVIMIENTO_TB VALUES (3,'Ajuste de Inventario',1);
INSERT INTO FIDE_TIPO_MOVIMIENTO_TB VALUES (4,'Devolución',1);
INSERT INTO FIDE_TIPO_MOVIMIENTO_TB VALUES (5,'Reserva de Producto',1);

INSERT INTO FIDE_MOVIMIENTO_INVENTARIO_TB VALUES (1,1,1,50,SYSDATE,1);
INSERT INTO FIDE_MOVIMIENTO_INVENTARIO_TB VALUES (2,2,1,40,SYSDATE,1);
INSERT INTO FIDE_MOVIMIENTO_INVENTARIO_TB VALUES (3,3,1,60,SYSDATE,1);
INSERT INTO FIDE_MOVIMIENTO_INVENTARIO_TB VALUES (4,4,1,30,SYSDATE,1);
INSERT INTO FIDE_MOVIMIENTO_INVENTARIO_TB VALUES (5,5,1,25,SYSDATE,1);
INSERT INTO FIDE_MOVIMIENTO_INVENTARIO_TB VALUES (6,6,2,5,SYSDATE,1);
INSERT INTO FIDE_MOVIMIENTO_INVENTARIO_TB VALUES (7,7,2,3,SYSDATE,1);
INSERT INTO FIDE_MOVIMIENTO_INVENTARIO_TB VALUES (8,8,2,4,SYSDATE,1);
INSERT INTO FIDE_MOVIMIENTO_INVENTARIO_TB VALUES (9,9,2,6,SYSDATE,1);
INSERT INTO FIDE_MOVIMIENTO_INVENTARIO_TB VALUES (10,10,2,2,SYSDATE,1);
INSERT INTO FIDE_MOVIMIENTO_INVENTARIO_TB VALUES (11,11,2,10,SYSDATE,1);
INSERT INTO FIDE_MOVIMIENTO_INVENTARIO_TB VALUES (12,12,2,8,SYSDATE,1);
INSERT INTO FIDE_MOVIMIENTO_INVENTARIO_TB VALUES (13,13,2,7,SYSDATE,1);
INSERT INTO FIDE_MOVIMIENTO_INVENTARIO_TB VALUES (14,14,2,6,SYSDATE,1);
INSERT INTO FIDE_MOVIMIENTO_INVENTARIO_TB VALUES (15,15,2,5,SYSDATE,1);
INSERT INTO FIDE_MOVIMIENTO_INVENTARIO_TB VALUES (16,16,2,12,SYSDATE,1);
INSERT INTO FIDE_MOVIMIENTO_INVENTARIO_TB VALUES (17,17,2,10,SYSDATE,1);
INSERT INTO FIDE_MOVIMIENTO_INVENTARIO_TB VALUES (18,18,2,9,SYSDATE,1);
INSERT INTO FIDE_MOVIMIENTO_INVENTARIO_TB VALUES (19,19,2,8,SYSDATE,1);
INSERT INTO FIDE_MOVIMIENTO_INVENTARIO_TB VALUES (20,20,2,6,SYSDATE,1);
INSERT INTO FIDE_MOVIMIENTO_INVENTARIO_TB VALUES (21,21,3,2,SYSDATE,1);
INSERT INTO FIDE_MOVIMIENTO_INVENTARIO_TB VALUES (22,22,3,1,SYSDATE,1);
INSERT INTO FIDE_MOVIMIENTO_INVENTARIO_TB VALUES (23,23,3,2,SYSDATE,1);
INSERT INTO FIDE_MOVIMIENTO_INVENTARIO_TB VALUES (24,24,3,1,SYSDATE,1);
INSERT INTO FIDE_MOVIMIENTO_INVENTARIO_TB VALUES (25,25,3,2,SYSDATE,1);
INSERT INTO FIDE_MOVIMIENTO_INVENTARIO_TB VALUES (26,26,2,4,SYSDATE,1);
INSERT INTO FIDE_MOVIMIENTO_INVENTARIO_TB VALUES (27,27,2,3,SYSDATE,1);
INSERT INTO FIDE_MOVIMIENTO_INVENTARIO_TB VALUES (28,28,2,2,SYSDATE,1);
INSERT INTO FIDE_MOVIMIENTO_INVENTARIO_TB VALUES (29,29,2,5,SYSDATE,1);
INSERT INTO FIDE_MOVIMIENTO_INVENTARIO_TB VALUES (30,30,2,6,SYSDATE,1);
INSERT INTO FIDE_MOVIMIENTO_INVENTARIO_TB VALUES (31,31,2,7,SYSDATE,1);
INSERT INTO FIDE_MOVIMIENTO_INVENTARIO_TB VALUES (32,32,2,8,SYSDATE,1);
INSERT INTO FIDE_MOVIMIENTO_INVENTARIO_TB VALUES (33,33,2,6,SYSDATE,1);
INSERT INTO FIDE_MOVIMIENTO_INVENTARIO_TB VALUES (34,34,2,5,SYSDATE,1);
INSERT INTO FIDE_MOVIMIENTO_INVENTARIO_TB VALUES (35,35,2,4,SYSDATE,1);
INSERT INTO FIDE_MOVIMIENTO_INVENTARIO_TB VALUES (36,36,2,3,SYSDATE,1);
INSERT INTO FIDE_MOVIMIENTO_INVENTARIO_TB VALUES (37,37,2,4,SYSDATE,1);
INSERT INTO FIDE_MOVIMIENTO_INVENTARIO_TB VALUES (38,38,2,2,SYSDATE,1);
INSERT INTO FIDE_MOVIMIENTO_INVENTARIO_TB VALUES (39,39,2,3,SYSDATE,1);
INSERT INTO FIDE_MOVIMIENTO_INVENTARIO_TB VALUES (40,40,2,4,SYSDATE,1);
INSERT INTO FIDE_MOVIMIENTO_INVENTARIO_TB VALUES (41,41,2,10,SYSDATE,1);
INSERT INTO FIDE_MOVIMIENTO_INVENTARIO_TB VALUES (42,42,2,9,SYSDATE,1);
INSERT INTO FIDE_MOVIMIENTO_INVENTARIO_TB VALUES (43,43,2,8,SYSDATE,1);
INSERT INTO FIDE_MOVIMIENTO_INVENTARIO_TB VALUES (44,44,2,7,SYSDATE,1);
INSERT INTO FIDE_MOVIMIENTO_INVENTARIO_TB VALUES (45,45,2,6,SYSDATE,1);
INSERT INTO FIDE_MOVIMIENTO_INVENTARIO_TB VALUES (46,46,4,2,SYSDATE,1);
INSERT INTO FIDE_MOVIMIENTO_INVENTARIO_TB VALUES (47,47,4,1,SYSDATE,1);
INSERT INTO FIDE_MOVIMIENTO_INVENTARIO_TB VALUES (48,48,4,2,SYSDATE,1);
INSERT INTO FIDE_MOVIMIENTO_INVENTARIO_TB VALUES (49,49,4,1,SYSDATE,1);
INSERT INTO FIDE_MOVIMIENTO_INVENTARIO_TB VALUES (50,50,4,1,SYSDATE,1);

INSERT INTO FIDE_VENTA_TB VALUES (1,1,20000,SYSDATE-15,1);
INSERT INTO FIDE_VENTA_TB VALUES (2,2,30000,SYSDATE-14,1);
INSERT INTO FIDE_VENTA_TB VALUES (3,3,15000,SYSDATE-13,1);
INSERT INTO FIDE_VENTA_TB VALUES (4,4,5000,SYSDATE-12,1);
INSERT INTO FIDE_VENTA_TB VALUES (5,5,35000,SYSDATE-11,1);
INSERT INTO FIDE_VENTA_TB VALUES (6,6,21000,SYSDATE-10,1);
INSERT INTO FIDE_VENTA_TB VALUES (7,7,16000,SYSDATE-9,1);
INSERT INTO FIDE_VENTA_TB VALUES (8,8,14000,SYSDATE-8,1);
INSERT INTO FIDE_VENTA_TB VALUES (9,9,4500,SYSDATE-7,1);
INSERT INTO FIDE_VENTA_TB VALUES (10,10,34000,SYSDATE-6,1);
INSERT INTO FIDE_VENTA_TB VALUES (11,11,44000,SYSDATE-5,1);
INSERT INTO FIDE_VENTA_TB VALUES (12,12,14000,SYSDATE-4,1);
INSERT INTO FIDE_VENTA_TB VALUES (13,13,8000,SYSDATE-3,1);
INSERT INTO FIDE_VENTA_TB VALUES (14,14,6000,SYSDATE-2,1);
INSERT INTO FIDE_VENTA_TB VALUES (15,15,36000,SYSDATE-1,1);
INSERT INTO FIDE_VENTA_TB VALUES (16,16,19000,SYSDATE,1);
INSERT INTO FIDE_VENTA_TB VALUES (17,17,15500,SYSDATE,1);
INSERT INTO FIDE_VENTA_TB VALUES (18,18,6000,SYSDATE,1);
INSERT INTO FIDE_VENTA_TB VALUES (19,19,6000,SYSDATE,1);
INSERT INTO FIDE_VENTA_TB VALUES (20,20,35500,SYSDATE,1);
INSERT INTO FIDE_VENTA_TB VALUES (21,21,46000,SYSDATE,1);
INSERT INTO FIDE_VENTA_TB VALUES (22,22,17000,SYSDATE,1);
INSERT INTO FIDE_VENTA_TB VALUES (23,23,13500,SYSDATE,1);
INSERT INTO FIDE_VENTA_TB VALUES (24,24,3600,SYSDATE,1);
INSERT INTO FIDE_VENTA_TB VALUES (25,25,37000,SYSDATE,1);
INSERT INTO FIDE_VENTA_TB VALUES (26,26,12000,SYSDATE,1);
INSERT INTO FIDE_VENTA_TB VALUES (27,27,26000,SYSDATE,1);
INSERT INTO FIDE_VENTA_TB VALUES (28,28,11000,SYSDATE,1);
INSERT INTO FIDE_VENTA_TB VALUES (29,29,12500,SYSDATE,1);
INSERT INTO FIDE_VENTA_TB VALUES (30,30,27000,SYSDATE,1);
INSERT INTO FIDE_VENTA_TB VALUES (31,31,8000,SYSDATE,1);
INSERT INTO FIDE_VENTA_TB VALUES (32,32,3500,SYSDATE,1);
INSERT INTO FIDE_VENTA_TB VALUES (33,33,3800,SYSDATE,1);
INSERT INTO FIDE_VENTA_TB VALUES (34,34,7200,SYSDATE,1);
INSERT INTO FIDE_VENTA_TB VALUES (35,35,3700,SYSDATE,1);
INSERT INTO FIDE_VENTA_TB VALUES (36,36,9000,SYSDATE,1);
INSERT INTO FIDE_VENTA_TB VALUES (37,37,19000,SYSDATE,1);
INSERT INTO FIDE_VENTA_TB VALUES (38,38,9800,SYSDATE,1);
INSERT INTO FIDE_VENTA_TB VALUES (39,39,10000,SYSDATE,1);
INSERT INTO FIDE_VENTA_TB VALUES (40,40,9700,SYSDATE,1);
INSERT INTO FIDE_VENTA_TB VALUES (41,41,6000,SYSDATE,1);
INSERT INTO FIDE_VENTA_TB VALUES (42,42,4400,SYSDATE,1);
INSERT INTO FIDE_VENTA_TB VALUES (43,43,2100,SYSDATE,1);
INSERT INTO FIDE_VENTA_TB VALUES (44,44,2300,SYSDATE,1);
INSERT INTO FIDE_VENTA_TB VALUES (45,45,4800,SYSDATE,1);
INSERT INTO FIDE_VENTA_TB VALUES (46,46,8000,SYSDATE,1);
INSERT INTO FIDE_VENTA_TB VALUES (47,47,8500,SYSDATE,1);
INSERT INTO FIDE_VENTA_TB VALUES (48,48,7500,SYSDATE,1);
INSERT INTO FIDE_VENTA_TB VALUES (49,49,8200,SYSDATE,1);
INSERT INTO FIDE_VENTA_TB VALUES (50,50,8300,SYSDATE,1);

INSERT INTO FIDE_VENTA_PRODUCTO_TB VALUES (1,6,2,1,20000,1);
INSERT INTO FIDE_VENTA_PRODUCTO_TB VALUES (2,1,2,2,30000,1);
INSERT INTO FIDE_VENTA_PRODUCTO_TB VALUES (3,11,2,3,15000,1);
INSERT INTO FIDE_VENTA_PRODUCTO_TB VALUES (4,16,2,2,5000,1);
INSERT INTO FIDE_VENTA_PRODUCTO_TB VALUES (5,21,2,1,35000,1);
INSERT INTO FIDE_VENTA_PRODUCTO_TB VALUES (6,7,2,1,21000,1);
INSERT INTO FIDE_VENTA_PRODUCTO_TB VALUES (7,2,2,1,16000,1);
INSERT INTO FIDE_VENTA_PRODUCTO_TB VALUES (8,12,2,4,14000,1);
INSERT INTO FIDE_VENTA_PRODUCTO_TB VALUES (9,17,2,3,4500,1);
INSERT INTO FIDE_VENTA_PRODUCTO_TB VALUES (10,22,2,1,34000,1);
INSERT INTO FIDE_VENTA_PRODUCTO_TB VALUES (11,8,2,2,44000,1);
INSERT INTO FIDE_VENTA_PRODUCTO_TB VALUES (12,3,2,1,14000,1);
INSERT INTO FIDE_VENTA_PRODUCTO_TB VALUES (13,13,2,2,8000,1);
INSERT INTO FIDE_VENTA_PRODUCTO_TB VALUES (14,18,2,3,6000,1);
INSERT INTO FIDE_VENTA_PRODUCTO_TB VALUES (15,23,2,1,36000,1);
INSERT INTO FIDE_VENTA_PRODUCTO_TB VALUES (16,9,2,1,19000,1);
INSERT INTO FIDE_VENTA_PRODUCTO_TB VALUES (17,4,2,1,15500,1);
INSERT INTO FIDE_VENTA_PRODUCTO_TB VALUES (18,14,2,2,6000,1);
INSERT INTO FIDE_VENTA_PRODUCTO_TB VALUES (19,19,2,3,6000,1);
INSERT INTO FIDE_VENTA_PRODUCTO_TB VALUES (20,24,2,1,35500,1);
INSERT INTO FIDE_VENTA_PRODUCTO_TB VALUES (21,10,2,2,46000,1);
INSERT INTO FIDE_VENTA_PRODUCTO_TB VALUES (22,5,2,1,17000,1);
INSERT INTO FIDE_VENTA_PRODUCTO_TB VALUES (23,15,2,3,13500,1);
INSERT INTO FIDE_VENTA_PRODUCTO_TB VALUES (24,20,2,2,3600,1);
INSERT INTO FIDE_VENTA_PRODUCTO_TB VALUES (25,25,2,1,37000,1);
INSERT INTO FIDE_VENTA_PRODUCTO_TB VALUES (26,26,2,1,12000,1);
INSERT INTO FIDE_VENTA_PRODUCTO_TB VALUES (27,27,2,2,26000,1);
INSERT INTO FIDE_VENTA_PRODUCTO_TB VALUES (28,28,2,1,11000,1);
INSERT INTO FIDE_VENTA_PRODUCTO_TB VALUES (29,29,2,1,12500,1);
INSERT INTO FIDE_VENTA_PRODUCTO_TB VALUES (30,30,2,2,27000,1);
INSERT INTO FIDE_VENTA_PRODUCTO_TB VALUES (31,31,2,2,8000,1);
INSERT INTO FIDE_VENTA_PRODUCTO_TB VALUES (32,32,2,1,3500,1);
INSERT INTO FIDE_VENTA_PRODUCTO_TB VALUES (33,33,2,1,3800,1);
INSERT INTO FIDE_VENTA_PRODUCTO_TB VALUES (34,34,2,2,7200,1);
INSERT INTO FIDE_VENTA_PRODUCTO_TB VALUES (35,35,2,1,3700,1);
INSERT INTO FIDE_VENTA_PRODUCTO_TB VALUES (36,36,2,1,9000,1);
INSERT INTO FIDE_VENTA_PRODUCTO_TB VALUES (37,37,2,2,19000,1);
INSERT INTO FIDE_VENTA_PRODUCTO_TB VALUES (38,38,2,1,9800,1);
INSERT INTO FIDE_VENTA_PRODUCTO_TB VALUES (39,39,2,1,10000,1);
INSERT INTO FIDE_VENTA_PRODUCTO_TB VALUES (40,40,2,1,9700,1);
INSERT INTO FIDE_VENTA_PRODUCTO_TB VALUES (41,41,2,3,6000,1);
INSERT INTO FIDE_VENTA_PRODUCTO_TB VALUES (42,42,2,2,4400,1);
INSERT INTO FIDE_VENTA_PRODUCTO_TB VALUES (43,43,2,1,2100,1);
INSERT INTO FIDE_VENTA_PRODUCTO_TB VALUES (44,44,2,1,2300,1);
INSERT INTO FIDE_VENTA_PRODUCTO_TB VALUES (45,45,2,2,4800,1);
INSERT INTO FIDE_VENTA_PRODUCTO_TB VALUES (46,46,2,1,8000,1);
INSERT INTO FIDE_VENTA_PRODUCTO_TB VALUES (47,47,2,1,8500,1);
INSERT INTO FIDE_VENTA_PRODUCTO_TB VALUES (48,48,2,1,7500,1);
INSERT INTO FIDE_VENTA_PRODUCTO_TB VALUES (49,49,2,1,8200,1);
INSERT INTO FIDE_VENTA_PRODUCTO_TB VALUES (50,50,2,1,8300,1);

INSERT INTO FIDE_EVENTO_TB VALUES (1,'Jacó Bass Festival','Festival de música electrónica frente a la playa con DJs internacionales de bass house y techno.', TO_DATE('2026-07-18','YYYY-MM-DD'), 28, 'https://eventoscr.com/flyers/jaco_bass.jpg', 25000, 1);
INSERT INTO FIDE_EVENTO_TB VALUES (2,'Tamarindo Sunset Rave', 'Evento sunset rave con música house y techno al atardecer en Tamarindo.', TO_DATE('2026-08-10','YYYY-MM-DD'), 29, 'https://eventoscr.com/flyers/tamarindo_sunset.jpg', 22000, 1);
INSERT INTO FIDE_EVENTO_TB VALUES (3,'San Jose Warehouse Nights', 'Fiesta electrónica underground en un warehouse con DJs locales.', TO_DATE('2026-06-21','YYYY-MM-DD'), 1, 'https://eventoscr.com/flyers/warehouse_nights.jpg', 15000, 1); 
INSERT INTO FIDE_EVENTO_TB VALUES (4,'Cartago Underground Techno', 'Evento techno underground con visuales y sonido industrial.', TO_DATE('2026-09-12','YYYY-MM-DD'), 22, 'https://eventoscr.com/flyers/cartago_techno.jpg', 18000, 1); 
INSERT INTO FIDE_EVENTO_TB VALUES (5,'Beat Nation Festival', 'Festival nacional de música electrónica con múltiples escenarios.', TO_DATE('2026-11-05','YYYY-MM-DD'), 11, 'https://eventoscr.com/flyers/beat_nation.jpg', 30000, 1);
INSERT INTO FIDE_EVENTO_TB VALUES (6,'Electro Jungle Experience', 'Evento electrónico en ambiente natural con techno y melodic house.', TO_DATE('2026-10-03','YYYY-MM-DD'), 30, 'https://eventoscr.com/flyers/electro_jungle.jpg', 20000, 1);
INSERT INTO FIDE_EVENTO_TB VALUES (7,'Bass Drop Party', 'Fiesta electrónica con DJs especializados en bass music.', TO_DATE('2026-07-02','YYYY-MM-DD'), 14, 'https://eventoscr.com/flyers/bass_drop.jpg', 17000, 1);
INSERT INTO FIDE_EVENTO_TB VALUES (8,'Neon Rave San Pedro', 'Rave temática neon con música EDM y electro house.', TO_DATE('2026-05-20','YYYY-MM-DD'), 15, 'https://eventoscr.com/flyers/neon_rave.jpg', 16000, 1);
INSERT INTO FIDE_EVENTO_TB VALUES (9,'Pacific Techno Night', 'Noche techno frente al océano con DJs internacionales.', TO_DATE('2026-08-22','YYYY-MM-DD'), 28, 'https://eventoscr.com/flyers/pacific_techno.jpg', 26000, 1);
INSERT INTO FIDE_EVENTO_TB VALUES (10,'Underground Cartago Rave', 'Rave underground con DJs nacionales de techno y minimal.',  TO_DATE('2026-09-28','YYYY-MM-DD'), 23, 'https://eventoscr.com/flyers/cartago_rave.jpg', 19000, 1);

INSERT INTO FIDE_TIPO_CONTENIDO_TB VALUES (1,'Flyer Promocional',1);
INSERT INTO FIDE_TIPO_CONTENIDO_TB VALUES (2,'Video Promocional',1);
INSERT INTO FIDE_TIPO_CONTENIDO_TB VALUES (3,'Galería de Fotos',1);
INSERT INTO FIDE_TIPO_CONTENIDO_TB VALUES (4,'Aftermovie',1);
INSERT INTO FIDE_TIPO_CONTENIDO_TB VALUES (5,'Reel para Redes Sociales',1);

INSERT INTO FIDE_CONTENIDO_TB VALUES(1,1,1,'Flyer Oficial Jacó Bass Festival','Flyer promocional del festival Jacó Bass Festival 2026.','https://eventoscr.com/contenido/jaco_flyer.jpg',1);
INSERT INTO FIDE_CONTENIDO_TB VALUES (2,1,2,'Teaser Video Jacó Bass','Video teaser promocional del festival con escenas de DJs y público.','https://eventoscr.com/contenido/jaco_teaser.mp4',1);
INSERT INTO FIDE_CONTENIDO_TB VALUES (3,2,1,'Flyer Tamarindo Sunset Rave','Flyer oficial del evento Tamarindo Sunset Rave.','https://eventoscr.com/contenido/tamarindo_flyer.jpg',1);
INSERT INTO FIDE_CONTENIDO_TB VALUES (4,2,5,'Reel Tamarindo Sunset', 'Reel promocional para redes sociales mostrando el atardecer y la fiesta.', 'https://eventoscr.com/contenido/tamarindo_reel.mp4', 1);
INSERT INTO FIDE_CONTENIDO_TB VALUES (5,3,1,'Flyer Warehouse Nights', 'Flyer del evento underground Warehouse Nights en San José.', 'https://eventoscr.com/contenido/warehouse_flyer.jpg', 1);
INSERT INTO FIDE_CONTENIDO_TB VALUES (6,4,2,'Video Promo Cartago Techno','Video promocional del evento Cartago Underground Techno.','https://eventoscr.com/contenido/cartago_video.mp4',1);
INSERT INTO FIDE_CONTENIDO_TB VALUES (7,5,1,'Flyer Beat Nation Festival', 'Flyer oficial del festival Beat Nation Costa Rica.', 'https://eventoscr.com/contenido/beatnation_flyer.jpg', 1);
INSERT INTO FIDE_CONTENIDO_TB VALUES (8 ,6,3,'Galería Electro Jungle', 'Galería de fotos promocionales del evento Electro Jungle Experience.', 'https://eventoscr.com/contenido/electrojungle_galeria', 1);
INSERT INTO FIDE_CONTENIDO_TB VALUES (9,7 ,5,'Reel Bass Drop Party', 'Reel promocional para redes sociales del evento Bass Drop Party.', 'https://eventoscr.com/contenido/bassdrop_reel.mp4', 1);
INSERT INTO FIDE_CONTENIDO_TB VALUES (10,8,4,'Aftermovie Neon Rave', 'Aftermovie oficial del evento Neon Rave San Pedro.', 'https://eventoscr.com/contenido/neon_aftermovie.mp4', 1);

INSERT INTO FIDE_TIPO_TICKET_TB VALUES (1,'Entrada General',1);
INSERT INTO FIDE_TIPO_TICKET_TB VALUES (2,'VIP',1);
INSERT INTO FIDE_TIPO_TICKET_TB VALUES (3,'Backstage',1);
INSERT INTO FIDE_TIPO_TICKET_TB VALUES (4,'Early Bird',1);
INSERT INTO FIDE_TIPO_TICKET_TB VALUES (5,'Sunset Pass',1);

INSERT INTO FIDE_EVENTO_TICKET VALUES (1,1,4,18000,300,250,50,TO_DATE('2026-05-01','YYYY-MM-DD'),TO_DATE('2026-06-15','YYYY-MM-DD'),1);
INSERT INTO FIDE_EVENTO_TICKET VALUES (2,1,1,25000,500,420,80,TO_DATE('2026-06-16','YYYY-MM-DD'),TO_DATE('2026-07-17','YYYY-MM-DD'),1);
INSERT INTO FIDE_EVENTO_TICKET VALUES (3,1,2,35000,150,120,30,TO_DATE('2026-06-16','YYYY-MM-DD'),TO_DATE('2026-07-17','YYYY-MM-DD'),1);
INSERT INTO FIDE_EVENTO_TICKET VALUES (4,2,4,17000,250,210,40,TO_DATE('2026-05-15','YYYY-MM-DD'),TO_DATE('2026-07-01','YYYY-MM-DD'),1);
INSERT INTO FIDE_EVENTO_TICKET VALUES (5,2,1,22000,400,350,50,TO_DATE('2026-07-02','YYYY-MM-DD'),TO_DATE('2026-08-09','YYYY-MM-DD'),1);
INSERT INTO FIDE_EVENTO_TICKET VALUES (6,2,5,28000,120,90,30,TO_DATE('2026-07-02','YYYY-MM-DD'),TO_DATE('2026-08-09','YYYY-MM-DD'),1);
INSERT INTO FIDE_EVENTO_TICKET VALUES (7,3,1,15000,350,300,50,TO_DATE('2026-04-20','YYYY-MM-DD'),TO_DATE('2026-06-20','YYYY-MM-DD'),1);
INSERT INTO FIDE_EVENTO_TICKET VALUES (8,3,2,22000,120,100,20,TO_DATE('2026-04-20','YYYY-MM-DD'),TO_DATE('2026-06-20','YYYY-MM-DD'),1);
INSERT INTO FIDE_EVENTO_TICKET VALUES (9,4,1,18000,300,260,40,TO_DATE('2026-06-01','YYYY-MM-DD'),TO_DATE('2026-09-11','YYYY-MM-DD'),1);
INSERT INTO FIDE_EVENTO_TICKET VALUES (10,4,3,30000,80,60,20,TO_DATE('2026-06-01','YYYY-MM-DD'),TO_DATE('2026-09-11','YYYY-MM-DD'),1);
INSERT INTO FIDE_EVENTO_TICKET VALUES (11,5,4,20000,400,350,50,TO_DATE('2026-06-10','YYYY-MM-DD'),TO_DATE('2026-09-01','YYYY-MM-DD'),1);
INSERT INTO FIDE_EVENTO_TICKET VALUES (12,5,1,30000,600,520,80,TO_DATE('2026-09-02','YYYY-MM-DD'),TO_DATE('2026-11-04','YYYY-MM-DD'),1);
INSERT INTO FIDE_EVENTO_TICKET VALUES (13,5,2,45000,200,170,30,TO_DATE('2026-09-02','YYYY-MM-DD'),TO_DATE('2026-11-04','YYYY-MM-DD'),1);
INSERT INTO FIDE_EVENTO_TICKET VALUES (14,6,1,20000,350,310,40,TO_DATE('2026-07-01','YYYY-MM-DD'),TO_DATE('2026-10-02','YYYY-MM-DD'),1);
INSERT INTO FIDE_EVENTO_TICKET VALUES (15,6,2,32000,120,90,30,TO_DATE('2026-07-01','YYYY-MM-DD'),TO_DATE('2026-10-02','YYYY-MM-DD'),1);
INSERT INTO FIDE_EVENTO_TICKET VALUES (16,7,1,17000,250,220,30,TO_DATE('2026-05-20','YYYY-MM-DD'),TO_DATE('2026-07-01','YYYY-MM-DD'),1);
INSERT INTO FIDE_EVENTO_TICKET VALUES (17,7,2,26000,100,80,20,TO_DATE('2026-05-20','YYYY-MM-DD'),TO_DATE('2026-07-01','YYYY-MM-DD'),1);
INSERT INTO FIDE_EVENTO_TICKET VALUES (18,8,1,16000,300,260,40,TO_DATE('2026-04-15','YYYY-MM-DD'),TO_DATE('2026-05-19','YYYY-MM-DD'),1);
INSERT INTO FIDE_EVENTO_TICKET VALUES (19,8,2,24000,120,100,20,TO_DATE('2026-04-15','YYYY-MM-DD'),TO_DATE('2026-05-19','YYYY-MM-DD'),1);
INSERT INTO FIDE_EVENTO_TICKET VALUES (20,9,1,26000,350,300,50,TO_DATE('2026-06-20','YYYY-MM-DD'),TO_DATE('2026-08-21','YYYY-MM-DD'),1);
INSERT INTO FIDE_EVENTO_TICKET VALUES (21,9,3,38000,100,75,25,TO_DATE('2026-06-20','YYYY-MM-DD'),TO_DATE('2026-08-21','YYYY-MM-DD'),1);
INSERT INTO FIDE_EVENTO_TICKET VALUES (22,10,1,19000,280,240,40,TO_DATE('2026-07-15','YYYY-MM-DD'),TO_DATE('2026-09-27','YYYY-MM-DD'),1);
INSERT INTO FIDE_EVENTO_TICKET VALUES (23,10,2,28000,110,90,20,TO_DATE('2026-07-15','YYYY-MM-DD'),TO_DATE('2026-09-27','YYYY-MM-DD'),1);

INSERT INTO FIDE_TICKET_TB VALUES (1,1,1,'QR_JACO_0001',SYSDATE,1);
INSERT INTO FIDE_TICKET_TB VALUES (2,1,2,'QR_JACO_0002',SYSDATE,1);
INSERT INTO FIDE_TICKET_TB VALUES (3,2,3,'QR_JACO_0003',SYSDATE,1);
INSERT INTO FIDE_TICKET_TB VALUES (4,2,4,'QR_JACO_0004',SYSDATE,1);
INSERT INTO FIDE_TICKET_TB VALUES (5,3,5,'QR_JACO_VIP_0005',SYSDATE,1);
INSERT INTO FIDE_TICKET_TB VALUES (6,4,6,'QR_TAM_0006',SYSDATE,1);
INSERT INTO FIDE_TICKET_TB VALUES (7,4,7,'QR_TAM_0007',SYSDATE,1);
INSERT INTO FIDE_TICKET_TB VALUES (8,5,8,'QR_TAM_0008',SYSDATE,1);
INSERT INTO FIDE_TICKET_TB VALUES (9,5,9,'QR_TAM_0009',SYSDATE,1);
INSERT INTO FIDE_TICKET_TB VALUES (10,6,10,'QR_TAM_SUN_0010',SYSDATE,1);
INSERT INTO FIDE_TICKET_TB VALUES (11,7,11,'QR_WARE_0011',SYSDATE,1);
INSERT INTO FIDE_TICKET_TB VALUES (12,7,12,'QR_WARE_0012',SYSDATE,1);
INSERT INTO FIDE_TICKET_TB VALUES (13,8,13,'QR_WARE_VIP_0013',SYSDATE,1);
INSERT INTO FIDE_TICKET_TB VALUES (14,9,14,'QR_CARTAGO_0014',SYSDATE,1);
INSERT INTO FIDE_TICKET_TB VALUES (15,9,15,'QR_CARTAGO_0015',SYSDATE,1);
INSERT INTO FIDE_TICKET_TB VALUES (16,10,16,'QR_CARTAGO_BS_0016',SYSDATE,1);
INSERT INTO FIDE_TICKET_TB VALUES (17,11,17,'QR_BEAT_0017',SYSDATE,1);
INSERT INTO FIDE_TICKET_TB VALUES (18,11,18,'QR_BEAT_0018',SYSDATE,1);
INSERT INTO FIDE_TICKET_TB VALUES (19,12,19,'QR_BEAT_0019',SYSDATE,1);
INSERT INTO FIDE_TICKET_TB VALUES (20,13,20,'QR_BEAT_VIP_0020',SYSDATE,1);
INSERT INTO FIDE_TICKET_TB VALUES (21,14,21,'QR_JUNGLE_0021',SYSDATE,1);
INSERT INTO FIDE_TICKET_TB VALUES (22,14,22,'QR_JUNGLE_0022',SYSDATE,1);
INSERT INTO FIDE_TICKET_TB VALUES (23,15,23,'QR_JUNGLE_VIP_0023',SYSDATE,1);
INSERT INTO FIDE_TICKET_TB VALUES (24,16,24,'QR_BASS_0024',SYSDATE,1);
INSERT INTO FIDE_TICKET_TB VALUES (25,16,25,'QR_BASS_0025',SYSDATE,1);
INSERT INTO FIDE_TICKET_TB VALUES (26,17,26,'QR_BASS_VIP_0026',SYSDATE,1);
INSERT INTO FIDE_TICKET_TB VALUES (27,18,27,'QR_NEON_0027',SYSDATE,1);
INSERT INTO FIDE_TICKET_TB VALUES (28,18,28,'QR_NEON_0028',SYSDATE,1);
INSERT INTO FIDE_TICKET_TB VALUES (29,19,29,'QR_NEON_VIP_0029',SYSDATE,1);
INSERT INTO FIDE_TICKET_TB VALUES (30,20,30,'QR_PACIFIC_0030',SYSDATE,1);

INSERT INTO FIDE_MONEDA_TB VALUES (1,'Colón Costarricense','₡',1);
INSERT INTO FIDE_MONEDA_TB VALUES (2,'Dólar Estadounidense','$',1);

INSERT INTO FIDE_FACTURA_TB VALUES (1,1,2600,20000,22600,TO_DATE('2026-06-01','YYYY-MM-DD'),1);
INSERT INTO FIDE_FACTURA_TB VALUES (2,1,1950,15000,16950,TO_DATE('2026-06-05','YYYY-MM-DD'),1);
INSERT INTO FIDE_FACTURA_TB VALUES (3,1,3900,30000,33900,TO_DATE('2026-06-10','YYYY-MM-DD'),1);
INSERT INTO FIDE_FACTURA_TB VALUES (4,1,2340,18000,20340,TO_DATE('2026-06-15','YYYY-MM-DD'),1);
INSERT INTO FIDE_FACTURA_TB VALUES (5,1,3250,25000,28250,TO_DATE('2026-06-20','YYYY-MM-DD'),1);
INSERT INTO FIDE_FACTURA_TB VALUES (6,2,3.25,25,28.25,TO_DATE('2026-06-25','YYYY-MM-DD'),1);
INSERT INTO FIDE_FACTURA_TB VALUES (7,2,4.55,35,39.55,TO_DATE('2026-07-01','YYYY-MM-DD'),1);
INSERT INTO FIDE_FACTURA_TB VALUES (8,2,2.60,20,22.60,TO_DATE('2026-07-05','YYYY-MM-DD'),1);
INSERT INTO FIDE_FACTURA_TB VALUES (9,2,5.20,40,45.20,TO_DATE('2026-07-10','YYYY-MM-DD'),1);
INSERT INTO FIDE_FACTURA_TB VALUES (10,2,6.50,50,56.50,TO_DATE('2026-07-15','YYYY-MM-DD'),1);

INSERT INTO FIDE_VENTA_FACTURA_TB VALUES (1,1,1);
INSERT INTO FIDE_VENTA_FACTURA_TB VALUES (2,2,1);
INSERT INTO FIDE_VENTA_FACTURA_TB VALUES (3,3,1);
INSERT INTO FIDE_VENTA_FACTURA_TB VALUES (4,4,1);
INSERT INTO FIDE_VENTA_FACTURA_TB VALUES (5,5,1);
INSERT INTO FIDE_VENTA_FACTURA_TB VALUES (6,6,1);
INSERT INTO FIDE_VENTA_FACTURA_TB VALUES (7,7,1);
INSERT INTO FIDE_VENTA_FACTURA_TB VALUES (8,8,1);
INSERT INTO FIDE_VENTA_FACTURA_TB VALUES (9,9,1);
INSERT INTO FIDE_VENTA_FACTURA_TB VALUES (10,10,1);

INSERT INTO FIDE_TICKET_FACTURA_TB VALUES (1,1,1);
INSERT INTO FIDE_TICKET_FACTURA_TB VALUES (2,2,1);
INSERT INTO FIDE_TICKET_FACTURA_TB VALUES (3,3,1);
INSERT INTO FIDE_TICKET_FACTURA_TB VALUES (4,4,1);
INSERT INTO FIDE_TICKET_FACTURA_TB VALUES (5,5,1);
INSERT INTO FIDE_TICKET_FACTURA_TB VALUES (6,6,1);
INSERT INTO FIDE_TICKET_FACTURA_TB VALUES (7,7,1);
INSERT INTO FIDE_TICKET_FACTURA_TB VALUES (8,8,1);
INSERT INTO FIDE_TICKET_FACTURA_TB VALUES (9,9,1);
INSERT INTO FIDE_TICKET_FACTURA_TB VALUES (10,10,1);

INSERT INTO FIDE_PAGO_PAYPAL_TB VALUES (1,6,'PAYPAL_ORDER_1001','PAYPAL_CAPTURE_2001',SYSDATE-10,1);
INSERT INTO FIDE_PAGO_PAYPAL_TB VALUES (2,7,'PAYPAL_ORDER_1002','PAYPAL_CAPTURE_2002',SYSDATE-9,1);
INSERT INTO FIDE_PAGO_PAYPAL_TB VALUES (3,8,'PAYPAL_ORDER_1003','PAYPAL_CAPTURE_2003',SYSDATE-8,1);
INSERT INTO FIDE_PAGO_PAYPAL_TB VALUES (4,9,'PAYPAL_ORDER_1004','PAYPAL_CAPTURE_2004',SYSDATE-7,1);
INSERT INTO FIDE_PAGO_PAYPAL_TB VALUES (5,10,'PAYPAL_ORDER_1005','PAYPAL_CAPTURE_2005',SYSDATE-6,1);
INSERT INTO FIDE_PAGO_PAYPAL_TB VALUES (6,5,'PAYPAL_ORDER_1006','PAYPAL_CAPTURE_2006',SYSDATE-5,1);
INSERT INTO FIDE_PAGO_PAYPAL_TB VALUES (7,4,'PAYPAL_ORDER_1007','PAYPAL_CAPTURE_2007',SYSDATE-4,1);
INSERT INTO FIDE_PAGO_PAYPAL_TB VALUES (8,3,'PAYPAL_ORDER_1008','PAYPAL_CAPTURE_2008',SYSDATE-3,1);
INSERT INTO FIDE_PAGO_PAYPAL_TB VALUES (9,2,'PAYPAL_ORDER_1009','PAYPAL_CAPTURE_2009',SYSDATE-2,1);
INSERT INTO FIDE_PAGO_PAYPAL_TB VALUES (10,1,'PAYPAL_ORDER_1010','PAYPAL_CAPTURE_2010',SYSDATE-1,1);

INSERT INTO FIDE_SEASON_SET_TB VALUES (1,1,'Sunset House Set','DJ set grabado durante el atardecer en Tamarindo Sunset Rave.','https://youtube.com/watch?v=sunset_house_set',1);
INSERT INTO FIDE_SEASON_SET_TB VALUES (2,1,'Beach Techno Session','Set techno grabado frente a la playa durante el festival de verano.','https://youtube.com/watch?v=beach_techno_session',1);
INSERT INTO FIDE_SEASON_SET_TB VALUES (3,2,'Underground Warehouse Techno','Set techno underground grabado en Warehouse Nights San José.','https://youtube.com/watch?v=warehouse_techno',1);
INSERT INTO FIDE_SEASON_SET_TB VALUES (4,2,'Dark Techno Live','Live set de dark techno con visuales industriales.','https://youtube.com/watch?v=dark_techno_live',1);
INSERT INTO FIDE_SEASON_SET_TB VALUES (5,3,'Sunset Deep House','Deep house set durante el evento sunset beach festival.','https://youtube.com/watch?v=sunset_deephouse',1);
INSERT INTO FIDE_SEASON_SET_TB VALUES (6,3,'Ocean Groove Session','Groove house set grabado frente al océano.','https://youtube.com/watch?v=ocean_groove',1);
INSERT INTO FIDE_SEASON_SET_TB VALUES (7,4,'Warehouse Bass Night','Bass house set grabado en Warehouse Nights.','https://youtube.com/watch?v=warehouse_bass',1);
INSERT INTO FIDE_SEASON_SET_TB VALUES (8,4,'Neon Rave Electro Set','Electro house set grabado durante Neon Rave San Pedro.','https://youtube.com/watch?v=neon_rave_set',1);
INSERT INTO FIDE_SEASON_SET_TB VALUES (9,5,'Jungle Tech Session','Tech house set grabado en Electronic Jungle Experience.','https://youtube.com/watch?v=jungle_tech_session',1);
INSERT INTO FIDE_SEASON_SET_TB VALUES (10,5,'Forest Techno Experience','Techno set grabado en ambiente natural en la jungla.','https://youtube.com/watch?v=forest_techno_experience',1);

INSERT INTO FIDE_RED_SOCIAL_TB VALUES (1,'Instagram',1);
INSERT INTO FIDE_RED_SOCIAL_TB VALUES (2,'Facebook',1);
INSERT INTO FIDE_RED_SOCIAL_TB VALUES (3,'TikTok',1);
INSERT INTO FIDE_RED_SOCIAL_TB VALUES (4,'YouTube',1);
INSERT INTO FIDE_RED_SOCIAL_TB VALUES (5,'SoundCloud',1);
INSERT INTO FIDE_RED_SOCIAL_TB VALUES (6,'Spotify',1);
INSERT INTO FIDE_RED_SOCIAL_TB VALUES (7,'X (Twitter)',1);

INSERT INTO FIDE_CUENTA_RED_SOCIAL_TB VALUES (101000001,1,'https://instagram.com/carlosramirez',1);
INSERT INTO FIDE_CUENTA_RED_SOCIAL_TB VALUES (101000001,5,'https://soundcloud.com/carlosramirez',1);
INSERT INTO FIDE_CUENTA_RED_SOCIAL_TB VALUES (101000002,1,'https://instagram.com/danielamora',1);
INSERT INTO FIDE_CUENTA_RED_SOCIAL_TB VALUES (101000002,3,'https://tiktok.com/@danielamora',1);
INSERT INTO FIDE_CUENTA_RED_SOCIAL_TB VALUES (101000003,1,'https://instagram.com/andressolis',1);
INSERT INTO FIDE_CUENTA_RED_SOCIAL_TB VALUES (101000003,4,'https://youtube.com/@andressolisdj',1);
INSERT INTO FIDE_CUENTA_RED_SOCIAL_TB VALUES (101000004,2,'https://facebook.com/valeriachaves',1);
INSERT INTO FIDE_CUENTA_RED_SOCIAL_TB VALUES (101000004,1,'https://instagram.com/valeriachaves',1);
INSERT INTO FIDE_CUENTA_RED_SOCIAL_TB VALUES (101000005,1,'https://instagram.com/sebastianjimenez',1);
INSERT INTO FIDE_CUENTA_RED_SOCIAL_TB VALUES (101000005,6,'https://spotify.com/sebastianjimenez',1);
INSERT INTO FIDE_CUENTA_RED_SOCIAL_TB VALUES (101000006,1,'https://instagram.com/gabrielacampos',1);
INSERT INTO FIDE_CUENTA_RED_SOCIAL_TB VALUES (101000006,3,'https://tiktok.com/@gabrielacampos',1);
INSERT INTO FIDE_CUENTA_RED_SOCIAL_TB VALUES (101000007,1,'https://instagram.com/javiercastro',1);
INSERT INTO FIDE_CUENTA_RED_SOCIAL_TB VALUES (101000007,7,'https://x.com/javiercastro',1);
INSERT INTO FIDE_CUENTA_RED_SOCIAL_TB VALUES (101000008,1,'https://instagram.com/nataliaperez',1);
INSERT INTO FIDE_CUENTA_RED_SOCIAL_TB VALUES (101000008,4,'https://youtube.com/@nataliaperez',1);
INSERT INTO FIDE_CUENTA_RED_SOCIAL_TB VALUES (101000009,1,'https://instagram.com/estebanrodriguez',1);
INSERT INTO FIDE_CUENTA_RED_SOCIAL_TB VALUES (101000009,5,'https://soundcloud.com/estebanrodriguez',1);
INSERT INTO FIDE_CUENTA_RED_SOCIAL_TB VALUES (101000010,1,'https://instagram.com/marianacordero',1);
INSERT INTO FIDE_CUENTA_RED_SOCIAL_TB VALUES (101000010,2,'https://facebook.com/marianacordero',1);

INSERT INTO FIDE_CARRITO_TB VALUES (1,1,1);
INSERT INTO FIDE_CARRITO_TB VALUES (2,2,1);
INSERT INTO FIDE_CARRITO_TB VALUES (3,3,1);
INSERT INTO FIDE_CARRITO_TB VALUES (4,4,1);
INSERT INTO FIDE_CARRITO_TB VALUES (5,5,1);
INSERT INTO FIDE_CARRITO_TB VALUES (6,6,1);
INSERT INTO FIDE_CARRITO_TB VALUES (7,7,1);
INSERT INTO FIDE_CARRITO_TB VALUES (8,8,1);
INSERT INTO FIDE_CARRITO_TB VALUES (9,9,1);
INSERT INTO FIDE_CARRITO_TB VALUES (10,10,1);

INSERT INTO FIDE_CARRITO_ITEM_TB VALUES (1,6,1,1);
INSERT INTO FIDE_CARRITO_ITEM_TB VALUES (1,11,2,1);
INSERT INTO FIDE_CARRITO_ITEM_TB VALUES (2,1,1,1);
INSERT INTO FIDE_CARRITO_ITEM_TB VALUES (2,16,3,1);
INSERT INTO FIDE_CARRITO_ITEM_TB VALUES (3,7,1,1);
INSERT INTO FIDE_CARRITO_ITEM_TB VALUES (3,21,1,1);
INSERT INTO FIDE_CARRITO_ITEM_TB VALUES (4,2,2,1);
INSERT INTO FIDE_CARRITO_ITEM_TB VALUES (4,12,1,1);
INSERT INTO FIDE_CARRITO_ITEM_TB VALUES (5,8,1,1);
INSERT INTO FIDE_CARRITO_ITEM_TB VALUES (5,17,4,1);
INSERT INTO FIDE_CARRITO_ITEM_TB VALUES (6,3,1,1);
INSERT INTO FIDE_CARRITO_ITEM_TB VALUES (6,22,1,1);
INSERT INTO FIDE_CARRITO_ITEM_TB VALUES (7,9,2,1);
INSERT INTO FIDE_CARRITO_ITEM_TB VALUES (7,18,2,1);
INSERT INTO FIDE_CARRITO_ITEM_TB VALUES (8,4,1,1);
INSERT INTO FIDE_CARRITO_ITEM_TB VALUES (8,23,1,1);
INSERT INTO FIDE_CARRITO_ITEM_TB VALUES (9,10,2,1);
INSERT INTO FIDE_CARRITO_ITEM_TB VALUES (9,24,1,1);
INSERT INTO FIDE_CARRITO_ITEM_TB VALUES (10,5,1,1);
INSERT INTO FIDE_CARRITO_ITEM_TB VALUES (10,25,1,1);

INSERT INTO FIDE_AUDITORIA_TB VALUES (1,101000001,'USUARIO','CREAR','admin',SYSDATE-15,'Registro de nuevo usuario en la plataforma',1);
INSERT INTO FIDE_AUDITORIA_TB VALUES (2,101000002,'EVENTO','CREAR','admin',SYSDATE-14,'Creación del evento Jacó Bass Festival',1);
INSERT INTO FIDE_AUDITORIA_TB VALUES (3,101000003,'VENTA','INSERT','sistema',SYSDATE-13,'Registro de nueva venta de merchandising',1);
INSERT INTO FIDE_AUDITORIA_TB VALUES (4,101000004,'TICKET','GENERAR','sistema',SYSDATE-12,'Generación de ticket para Tamarindo Sunset Rave',1);
INSERT INTO FIDE_AUDITORIA_TB VALUES (5,101000005,'INVENTARIO','UPDATE','admin',SYSDATE-11,'Actualización de stock de camisetas del evento',1);
INSERT INTO FIDE_AUDITORIA_TB VALUES (6,101000006,'FACTURA','GENERAR','sistema',SYSDATE-10,'Generación de factura por compra de tickets',1);
INSERT INTO FIDE_AUDITORIA_TB VALUES (7,101000007,'CARRITO','INSERT','usuario',SYSDATE-9,'Producto agregado al carrito de compras',1);
INSERT INTO FIDE_AUDITORIA_TB VALUES (8,101000008,'PAGO','PROCESAR','paypal_api',SYSDATE-8,'Pago realizado mediante PayPal',1);
INSERT INTO FIDE_AUDITORIA_TB VALUES (9,101000009,'EVENTO','UPDATE','admin',SYSDATE-7,'Actualización de información del evento Beat Nation Festival',1);
INSERT INTO FIDE_AUDITORIA_TB VALUES (10,101000010,'USUARIO','LOGIN','sistema',SYSDATE-6,'Inicio de sesión exitoso en la plataforma',1);