INSERT INTO FIDE_ESTADO_TB (ID_ESTADO, NOMBRE_ESTADO) VALUES (1, 'ACTIVO');
INSERT INTO FIDE_ESTADO_TB (ID_ESTADO, NOMBRE_ESTADO) VALUES (2, 'INACTIVO');
INSERT INTO FIDE_ESTADO_TB (ID_ESTADO, NOMBRE_ESTADO) VALUES (3, 'PENDIENTE');
INSERT INTO FIDE_ESTADO_TB (ID_ESTADO, NOMBRE_ESTADO) VALUES (4, 'SUSPENDIDO');
INSERT INTO FIDE_ESTADO_TB (ID_ESTADO, NOMBRE_ESTADO) VALUES (5, 'ELIMINADO');

INSERT INTO FIDE_TIPO_USUARIO_TB (ID_TIPO_USUARIO, NOMBRE, ID_ESTADO) VALUES (1, 'Cliente', 1);
INSERT INTO FIDE_TIPO_USUARIO_TB (ID_TIPO_USUARIO, NOMBRE, ID_ESTADO) VALUES (2, 'Administrador', 1);
INSERT INTO FIDE_TIPO_USUARIO_TB (ID_TIPO_USUARIO, NOMBRE, ID_ESTADO) VALUES (3, 'Organizador de Eventos', 1);
INSERT INTO FIDE_TIPO_USUARIO_TB (ID_TIPO_USUARIO, NOMBRE, ID_ESTADO) VALUES (4, 'Staff de Evento', 1);
INSERT INTO FIDE_TIPO_USUARIO_TB (ID_TIPO_USUARIO, NOMBRE, ID_ESTADO) VALUES (5, 'Artista / DJ', 1);

INSERT INTO FIDE_PAIS_TB (ID_PAIS, NOMBRE, ID_ESTADO) VALUES (1, 'Costa Rica', 1);
INSERT INTO FIDE_PAIS_TB (ID_PAIS, NOMBRE, ID_ESTADO) VALUES (2, 'Panamá', 1);
INSERT INTO FIDE_PAIS_TB (ID_PAIS, NOMBRE, ID_ESTADO) VALUES (3, 'Colombia', 1);
INSERT INTO FIDE_PAIS_TB (ID_PAIS, NOMBRE, ID_ESTADO) VALUES (4, 'México', 1);
INSERT INTO FIDE_PAIS_TB (ID_PAIS, NOMBRE, ID_ESTADO) VALUES (5, 'Estados Unidos', 1);

INSERT INTO FIDE_PROVINCIA_TB (ID_PROVINCIA, NOMBRE, ID_PAIS, ID_ESTADO)VALUES (1, 'San José', 1, 1);
INSERT INTO FIDE_PROVINCIA_TB (ID_PROVINCIA, NOMBRE, ID_PAIS, ID_ESTADO)VALUES (2, 'Alajuela', 1, 1);
INSERT INTO FIDE_PROVINCIA_TB (ID_PROVINCIA, NOMBRE, ID_PAIS, ID_ESTADO)VALUES (3, 'Cartago', 1, 1);
INSERT INTO FIDE_PROVINCIA_TB (ID_PROVINCIA, NOMBRE, ID_PAIS, ID_ESTADO)VALUES (4, 'Heredia', 1, 1);
INSERT INTO FIDE_PROVINCIA_TB (ID_PROVINCIA, NOMBRE, ID_PAIS, ID_ESTADO)VALUES (5, 'Guanacaste', 1, 1);
INSERT INTO FIDE_PROVINCIA_TB (ID_PROVINCIA, NOMBRE, ID_PAIS, ID_ESTADO)VALUES (6, 'Puntarenas', 1, 1);
INSERT INTO FIDE_PROVINCIA_TB (ID_PROVINCIA, NOMBRE, ID_PAIS, ID_ESTADO)VALUES (7, 'Limón', 1, 1);

INSERT INTO FIDE_CANTON_TB (ID_CANTON, NOMBRE, ID_PROVINCIA, ID_ESTADO) VALUES (1,'San José',1,1);
INSERT INTO FIDE_CANTON_TB (ID_CANTON, NOMBRE, ID_PROVINCIA, ID_ESTADO) VALUES (2,'Escazú',1,1);
INSERT INTO FIDE_CANTON_TB (ID_CANTON, NOMBRE, ID_PROVINCIA, ID_ESTADO) VALUES (3,'Desamparados',1,1);
INSERT INTO FIDE_CANTON_TB (ID_CANTON, NOMBRE, ID_PROVINCIA, ID_ESTADO) VALUES (4,'Santa Ana',1,1);
INSERT INTO FIDE_CANTON_TB (ID_CANTON, NOMBRE, ID_PROVINCIA, ID_ESTADO) VALUES (5,'Montes de Oca',1,1);
INSERT INTO FIDE_CANTON_TB (ID_CANTON, NOMBRE, ID_PROVINCIA, ID_ESTADO) VALUES (6,'Alajuela',2,1);
INSERT INTO FIDE_CANTON_TB (ID_CANTON, NOMBRE, ID_PROVINCIA, ID_ESTADO) VALUES (7,'San Ramón',2,1);
INSERT INTO FIDE_CANTON_TB (ID_CANTON, NOMBRE, ID_PROVINCIA, ID_ESTADO) VALUES (8,'Grecia',2,1);
INSERT INTO FIDE_CANTON_TB (ID_CANTON, NOMBRE, ID_PROVINCIA, ID_ESTADO) VALUES (9,'Cartago',3,1);
INSERT INTO FIDE_CANTON_TB (ID_CANTON, NOMBRE, ID_PROVINCIA, ID_ESTADO) VALUES (10,'Paraíso',3,1);
INSERT INTO FIDE_CANTON_TB (ID_CANTON, NOMBRE, ID_PROVINCIA, ID_ESTADO) VALUES (11,'La Unión',3,1);
INSERT INTO FIDE_CANTON_TB (ID_CANTON, NOMBRE, ID_PROVINCIA, ID_ESTADO) VALUES (12,'Heredia',4,1);
INSERT INTO FIDE_CANTON_TB (ID_CANTON, NOMBRE, ID_PROVINCIA, ID_ESTADO) VALUES (13,'Barva',4,1);
INSERT INTO FIDE_CANTON_TB (ID_CANTON, NOMBRE, ID_PROVINCIA, ID_ESTADO) VALUES (14,'Liberia',5,1);
INSERT INTO FIDE_CANTON_TB (ID_CANTON, NOMBRE, ID_PROVINCIA, ID_ESTADO) VALUES (15,'Santa Cruz',5,1);
INSERT INTO FIDE_CANTON_TB (ID_CANTON, NOMBRE, ID_PROVINCIA, ID_ESTADO) VALUES (16,'Nicoya',5,1);
INSERT INTO FIDE_CANTON_TB (ID_CANTON, NOMBRE, ID_PROVINCIA, ID_ESTADO) VALUES (17,'Puntarenas',6,1);
INSERT INTO FIDE_CANTON_TB (ID_CANTON, NOMBRE, ID_PROVINCIA, ID_ESTADO) VALUES (18,'Garabito',6,1);
INSERT INTO FIDE_CANTON_TB (ID_CANTON, NOMBRE, ID_PROVINCIA, ID_ESTADO) VALUES (19,'Limón',7,1);
INSERT INTO FIDE_CANTON_TB (ID_CANTON, NOMBRE, ID_PROVINCIA, ID_ESTADO) VALUES (20,'Pococí',7,1);

INSERT INTO FIDE_DISTRITO_TB (ID_DISTRITO, NOMBRE, ID_CANTON, ID_ESTADO) VALUES (1,'Carmen',1,1);
INSERT INTO FIDE_DISTRITO_TB (ID_DISTRITO, NOMBRE, ID_CANTON, ID_ESTADO) VALUES (2,'Merced',1,1);
INSERT INTO FIDE_DISTRITO_TB (ID_DISTRITO, NOMBRE, ID_CANTON, ID_ESTADO) VALUES (3,'Hospital',1,1);
INSERT INTO FIDE_DISTRITO_TB (ID_DISTRITO, NOMBRE, ID_CANTON, ID_ESTADO) VALUES (4,'Catedral',1,1);
INSERT INTO FIDE_DISTRITO_TB (ID_DISTRITO, NOMBRE, ID_CANTON, ID_ESTADO) VALUES (5,'Escazú Centro',2,1);
INSERT INTO FIDE_DISTRITO_TB (ID_DISTRITO, NOMBRE, ID_CANTON, ID_ESTADO) VALUES (6,'San Antonio',2,1);
INSERT INTO FIDE_DISTRITO_TB (ID_DISTRITO, NOMBRE, ID_CANTON, ID_ESTADO) VALUES (7,'San Rafael',2,1);
INSERT INTO FIDE_DISTRITO_TB (ID_DISTRITO, NOMBRE, ID_CANTON, ID_ESTADO) VALUES (8,'Desamparados Centro',3,1);
INSERT INTO FIDE_DISTRITO_TB (ID_DISTRITO, NOMBRE, ID_CANTON, ID_ESTADO) VALUES (9,'San Miguel',3,1);
INSERT INTO FIDE_DISTRITO_TB (ID_DISTRITO, NOMBRE, ID_CANTON, ID_ESTADO) VALUES (10,'San Juan de Dios',3,1);
INSERT INTO FIDE_DISTRITO_TB (ID_DISTRITO, NOMBRE, ID_CANTON, ID_ESTADO) VALUES (11,'Santa Ana Centro',4,1);
INSERT INTO FIDE_DISTRITO_TB (ID_DISTRITO, NOMBRE, ID_CANTON, ID_ESTADO) VALUES (12,'Pozos',4,1);
INSERT INTO FIDE_DISTRITO_TB (ID_DISTRITO, NOMBRE, ID_CANTON, ID_ESTADO) VALUES (13,'Uruca',4,1);
INSERT INTO FIDE_DISTRITO_TB (ID_DISTRITO, NOMBRE, ID_CANTON, ID_ESTADO) VALUES (14,'San Pedro',5,1);
INSERT INTO FIDE_DISTRITO_TB (ID_DISTRITO, NOMBRE, ID_CANTON, ID_ESTADO) VALUES (15,'Sabanilla',5,1);
INSERT INTO FIDE_DISTRITO_TB (ID_DISTRITO, NOMBRE, ID_CANTON, ID_ESTADO) VALUES (16,'Alajuela Centro',6,1);
INSERT INTO FIDE_DISTRITO_TB (ID_DISTRITO, NOMBRE, ID_CANTON, ID_ESTADO) VALUES (17,'San José de Alajuela',6,1);
INSERT INTO FIDE_DISTRITO_TB (ID_DISTRITO, NOMBRE, ID_CANTON, ID_ESTADO) VALUES (18,'San Ramón Centro',7,1);
INSERT INTO FIDE_DISTRITO_TB (ID_DISTRITO, NOMBRE, ID_CANTON, ID_ESTADO) VALUES (19,'Santiago',7,1);
INSERT INTO FIDE_DISTRITO_TB (ID_DISTRITO, NOMBRE, ID_CANTON, ID_ESTADO) VALUES (20,'Grecia Centro',8,1);
INSERT INTO FIDE_DISTRITO_TB (ID_DISTRITO, NOMBRE, ID_CANTON, ID_ESTADO) VALUES (21,'San Isidro',8,1);
INSERT INTO FIDE_DISTRITO_TB (ID_DISTRITO, NOMBRE, ID_CANTON, ID_ESTADO) VALUES (22,'Oriental',9,1);
INSERT INTO FIDE_DISTRITO_TB (ID_DISTRITO, NOMBRE, ID_CANTON, ID_ESTADO) VALUES (23,'Occidental',9,1);
INSERT INTO FIDE_DISTRITO_TB (ID_DISTRITO, NOMBRE, ID_CANTON, ID_ESTADO) VALUES (24,'Paraíso Centro',10,1);
INSERT INTO FIDE_DISTRITO_TB (ID_DISTRITO, NOMBRE, ID_CANTON, ID_ESTADO) VALUES (25,'Santiago de Paraíso',10,1);
INSERT INTO FIDE_DISTRITO_TB (ID_DISTRITO, NOMBRE, ID_CANTON, ID_ESTADO) VALUES (26,'Tres Ríos',11,1);
INSERT INTO FIDE_DISTRITO_TB (ID_DISTRITO, NOMBRE, ID_CANTON, ID_ESTADO) VALUES (27,'San Diego',11,1);
INSERT INTO FIDE_DISTRITO_TB (ID_DISTRITO, NOMBRE, ID_CANTON, ID_ESTADO) VALUES (28,'Jacó',18,1);
INSERT INTO FIDE_DISTRITO_TB (ID_DISTRITO, NOMBRE, ID_CANTON, ID_ESTADO) VALUES (29,'Tamarindo',15,1);
INSERT INTO FIDE_DISTRITO_TB (ID_DISTRITO, NOMBRE, ID_CANTON, ID_ESTADO) VALUES (30,'Limón Centro',19,1);

COMMIT;

INSERT INTO FIDE_DIRECCION_TB (ID_DIRECCION, ID_DISTRITO, CALLE, NUMERO, ID_ESTADO) VALUES (1,1,'Avenida Central','Casa 101',1);
INSERT INTO FIDE_DIRECCION_TB (ID_DIRECCION, ID_DISTRITO, CALLE, NUMERO, ID_ESTADO) VALUES (2,2,'Calle 5','Edificio Merced 12',1);
INSERT INTO FIDE_DIRECCION_TB (ID_DIRECCION, ID_DISTRITO, CALLE, NUMERO, ID_ESTADO) VALUES (3,3,'Calle 3','Casa 45',1);
INSERT INTO FIDE_DIRECCION_TB (ID_DIRECCION, ID_DISTRITO, CALLE, NUMERO, ID_ESTADO) VALUES (4,4,'Avenida 10','Local 8',1);
INSERT INTO FIDE_DIRECCION_TB (ID_DIRECCION, ID_DISTRITO, CALLE, NUMERO, ID_ESTADO) VALUES (5,5,'Calle San Miguel','Casa 200',1);
INSERT INTO FIDE_DIRECCION_TB (ID_DIRECCION, ID_DISTRITO, CALLE, NUMERO, ID_ESTADO) VALUES (6,6,'Avenida Escazú','Local 22',1);
INSERT INTO FIDE_DIRECCION_TB (ID_DIRECCION, ID_DISTRITO, CALLE, NUMERO, ID_ESTADO) VALUES (7,7,'Calle Real','Casa 55',1);
INSERT INTO FIDE_DIRECCION_TB (ID_DIRECCION, ID_DISTRITO, CALLE, NUMERO, ID_ESTADO) VALUES (8,8,'Avenida Central','Casa 78',1);
INSERT INTO FIDE_DIRECCION_TB (ID_DIRECCION, ID_DISTRITO, CALLE, NUMERO, ID_ESTADO) VALUES (9,9,'Calle San Miguel','Casa 120',1);
INSERT INTO FIDE_DIRECCION_TB (ID_DIRECCION, ID_DISTRITO, CALLE, NUMERO, ID_ESTADO) VALUES (10,10,'Calle Principal','Casa 14',1);
INSERT INTO FIDE_DIRECCION_TB (ID_DIRECCION, ID_DISTRITO, CALLE, NUMERO, ID_ESTADO) VALUES (11,11,'Avenida Lindora','Local 10',1);
INSERT INTO FIDE_DIRECCION_TB (ID_DIRECCION, ID_DISTRITO, CALLE, NUMERO, ID_ESTADO) VALUES (12,12,'Boulevard Lindora','Edificio 2',1);
INSERT INTO FIDE_DIRECCION_TB (ID_DIRECCION, ID_DISTRITO, CALLE, NUMERO, ID_ESTADO) VALUES (13,13,'Calle Pozos','Casa 300',1);
INSERT INTO FIDE_DIRECCION_TB (ID_DIRECCION, ID_DISTRITO, CALLE, NUMERO, ID_ESTADO) VALUES (14,14,'Calle de la Amargura','Local 5',1);
INSERT INTO FIDE_DIRECCION_TB (ID_DIRECCION, ID_DISTRITO, CALLE, NUMERO, ID_ESTADO) VALUES (15,15,'Avenida Universitaria','Casa 88',1);
INSERT INTO FIDE_DIRECCION_TB (ID_DIRECCION, ID_DISTRITO, CALLE, NUMERO, ID_ESTADO) VALUES (16,16,'Calle Central','Casa 20',1);
INSERT INTO FIDE_DIRECCION_TB (ID_DIRECCION, ID_DISTRITO, CALLE, NUMERO, ID_ESTADO) VALUES (17,17,'Avenida 4','Local 9',1);
INSERT INTO FIDE_DIRECCION_TB (ID_DIRECCION, ID_DISTRITO, CALLE, NUMERO, ID_ESTADO) VALUES (18,18,'Calle Comercio','Casa 77',1);
INSERT INTO FIDE_DIRECCION_TB (ID_DIRECCION, ID_DISTRITO, CALLE, NUMERO, ID_ESTADO) VALUES (19,19,'Avenida Santiago','Casa 16',1);
INSERT INTO FIDE_DIRECCION_TB (ID_DIRECCION, ID_DISTRITO, CALLE, NUMERO, ID_ESTADO) VALUES (20,20,'Calle Grecia','Casa 45',1);
INSERT INTO FIDE_DIRECCION_TB (ID_DIRECCION, ID_DISTRITO, CALLE, NUMERO, ID_ESTADO) VALUES (21,21,'Avenida San Isidro','Casa 31',1);
INSERT INTO FIDE_DIRECCION_TB (ID_DIRECCION, ID_DISTRITO, CALLE, NUMERO, ID_ESTADO) VALUES (22,22,'Calle Cartago','Casa 11',1);
INSERT INTO FIDE_DIRECCION_TB (ID_DIRECCION, ID_DISTRITO, CALLE, NUMERO, ID_ESTADO) VALUES (23,23,'Avenida Occidental','Casa 65',1);
INSERT INTO FIDE_DIRECCION_TB (ID_DIRECCION, ID_DISTRITO, CALLE, NUMERO, ID_ESTADO) VALUES (24,24,'Calle Paraíso','Casa 100',1);
INSERT INTO FIDE_DIRECCION_TB (ID_DIRECCION, ID_DISTRITO, CALLE, NUMERO, ID_ESTADO) VALUES (25,25,'Avenida Orosi','Casa 7',1);
INSERT INTO FIDE_DIRECCION_TB (ID_DIRECCION, ID_DISTRITO, CALLE, NUMERO, ID_ESTADO) VALUES (26,26,'Calle Central Tres Ríos','Local 14',1);
INSERT INTO FIDE_DIRECCION_TB (ID_DIRECCION, ID_DISTRITO, CALLE, NUMERO, ID_ESTADO) VALUES (27,27,'Avenida San Diego','Casa 55',1);
INSERT INTO FIDE_DIRECCION_TB (ID_DIRECCION, ID_DISTRITO, CALLE, NUMERO, ID_ESTADO) VALUES (28,28,'Boulevard Jacó','Local 3',1);
INSERT INTO FIDE_DIRECCION_TB (ID_DIRECCION, ID_DISTRITO, CALLE, NUMERO, ID_ESTADO) VALUES (29,29,'Avenida Tamarindo','Local 12',1);
INSERT INTO FIDE_DIRECCION_TB (ID_DIRECCION, ID_DISTRITO, CALLE, NUMERO, ID_ESTADO) VALUES (30,30,'Calle Puerto Limón','Casa 90',1);

INSERT INTO FIDE_USUARIO_TB (IDENTIFICACION, NOMBRE, APELLIDO_PATERNO, APELLIDO_MATERNO, FECHA_REGISTRO, ID_DIRECCION, ID_TIPO_USUARIO, ID_ESTADO) VALUES (101000001,'Carlos','Ramírez','Vargas',SYSDATE,1,1,1);
INSERT INTO FIDE_USUARIO_TB (IDENTIFICACION, NOMBRE, APELLIDO_PATERNO, APELLIDO_MATERNO, FECHA_REGISTRO, ID_DIRECCION, ID_TIPO_USUARIO, ID_ESTADO) VALUES (101000002,'Daniela','Mora','Sánchez',SYSDATE,2,1,1);
INSERT INTO FIDE_USUARIO_TB (IDENTIFICACION, NOMBRE, APELLIDO_PATERNO, APELLIDO_MATERNO, FECHA_REGISTRO, ID_DIRECCION, ID_TIPO_USUARIO, ID_ESTADO) VALUES (101000003,'Andrés','Solís','Araya',SYSDATE,3,1,1);
INSERT INTO FIDE_USUARIO_TB (IDENTIFICACION, NOMBRE, APELLIDO_PATERNO, APELLIDO_MATERNO, FECHA_REGISTRO, ID_DIRECCION, ID_TIPO_USUARIO, ID_ESTADO) VALUES (101000004,'Valeria','Chaves','Rojas',SYSDATE,4,1,1);
INSERT INTO FIDE_USUARIO_TB (IDENTIFICACION, NOMBRE, APELLIDO_PATERNO, APELLIDO_MATERNO, FECHA_REGISTRO, ID_DIRECCION, ID_TIPO_USUARIO, ID_ESTADO) VALUES (101000005,'Sebastián','Jiménez','Navarro',SYSDATE,5,1,1);
INSERT INTO FIDE_USUARIO_TB (IDENTIFICACION, NOMBRE, APELLIDO_PATERNO, APELLIDO_MATERNO, FECHA_REGISTRO, ID_DIRECCION, ID_TIPO_USUARIO, ID_ESTADO) VALUES (101000006,'Gabriela','Campos','Murillo',SYSDATE,6,1,1);
INSERT INTO FIDE_USUARIO_TB (IDENTIFICACION, NOMBRE, APELLIDO_PATERNO, APELLIDO_MATERNO, FECHA_REGISTRO, ID_DIRECCION, ID_TIPO_USUARIO, ID_ESTADO) VALUES (101000007,'Javier','Castro','Méndez',SYSDATE,7,1,1);
INSERT INTO FIDE_USUARIO_TB (IDENTIFICACION, NOMBRE, APELLIDO_PATERNO, APELLIDO_MATERNO, FECHA_REGISTRO, ID_DIRECCION, ID_TIPO_USUARIO, ID_ESTADO) VALUES (101000008,'Natalia','Pérez','Quesada',SYSDATE,8,1,1);
INSERT INTO FIDE_USUARIO_TB (IDENTIFICACION, NOMBRE, APELLIDO_PATERNO, APELLIDO_MATERNO, FECHA_REGISTRO, ID_DIRECCION, ID_TIPO_USUARIO, ID_ESTADO) VALUES (101000009,'Esteban','Rodríguez','Arias',SYSDATE,9,1,1);
INSERT INTO FIDE_USUARIO_TB (IDENTIFICACION, NOMBRE, APELLIDO_PATERNO, APELLIDO_MATERNO, FECHA_REGISTRO, ID_DIRECCION, ID_TIPO_USUARIO, ID_ESTADO) VALUES (101000010,'Mariana','Cordero','Ureña',SYSDATE,10,1,1);
INSERT INTO FIDE_USUARIO_TB (IDENTIFICACION, NOMBRE, APELLIDO_PATERNO, APELLIDO_MATERNO, FECHA_REGISTRO, ID_DIRECCION, ID_TIPO_USUARIO, ID_ESTADO) VALUES (101000011,'Kevin','González','Vega',SYSDATE,11,1,1);
INSERT INTO FIDE_USUARIO_TB (IDENTIFICACION, NOMBRE, APELLIDO_PATERNO, APELLIDO_MATERNO, FECHA_REGISTRO, ID_DIRECCION, ID_TIPO_USUARIO, ID_ESTADO) VALUES (101000012,'Lucía','Torres','Brenes',SYSDATE,12,1,1);
INSERT INTO FIDE_USUARIO_TB (IDENTIFICACION, NOMBRE, APELLIDO_PATERNO, APELLIDO_MATERNO, FECHA_REGISTRO, ID_DIRECCION, ID_TIPO_USUARIO, ID_ESTADO) VALUES (101000013,'Diego','Salas','Montero',SYSDATE,13,1,1);
INSERT INTO FIDE_USUARIO_TB (IDENTIFICACION, NOMBRE, APELLIDO_PATERNO, APELLIDO_MATERNO, FECHA_REGISTRO, ID_DIRECCION, ID_TIPO_USUARIO, ID_ESTADO) VALUES (101000014,'Sofía','Valverde','Alvarado',SYSDATE,14,1,1);
INSERT INTO FIDE_USUARIO_TB (IDENTIFICACION, NOMBRE, APELLIDO_PATERNO, APELLIDO_MATERNO, FECHA_REGISTRO, ID_DIRECCION, ID_TIPO_USUARIO, ID_ESTADO) VALUES (101000015,'José','Rojas','Paniagua',SYSDATE,15,1,1);
INSERT INTO FIDE_USUARIO_TB (IDENTIFICACION, NOMBRE, APELLIDO_PATERNO, APELLIDO_MATERNO, FECHA_REGISTRO, ID_DIRECCION, ID_TIPO_USUARIO, ID_ESTADO) VALUES (101000016,'Paula','Gamboa','Chacón',SYSDATE,16,1,1);
INSERT INTO FIDE_USUARIO_TB (IDENTIFICACION, NOMBRE, APELLIDO_PATERNO, APELLIDO_MATERNO, FECHA_REGISTRO, ID_DIRECCION, ID_TIPO_USUARIO, ID_ESTADO) VALUES (101000017,'David','Céspedes','Mora',SYSDATE,17,1,1);
INSERT INTO FIDE_USUARIO_TB (IDENTIFICACION, NOMBRE, APELLIDO_PATERNO, APELLIDO_MATERNO, FECHA_REGISTRO, ID_DIRECCION, ID_TIPO_USUARIO, ID_ESTADO) VALUES (101000018,'Camila','Quesada','Jiménez',SYSDATE,18,1,1);
INSERT INTO FIDE_USUARIO_TB (IDENTIFICACION, NOMBRE, APELLIDO_PATERNO, APELLIDO_MATERNO, FECHA_REGISTRO, ID_DIRECCION, ID_TIPO_USUARIO, ID_ESTADO) VALUES (101000019,'Fernando','Navarro','Arce',SYSDATE,19,1,1);
INSERT INTO FIDE_USUARIO_TB (IDENTIFICACION, NOMBRE, APELLIDO_PATERNO, APELLIDO_MATERNO, FECHA_REGISTRO, ID_DIRECCION, ID_TIPO_USUARIO, ID_ESTADO) VALUES (101000020,'Melissa','Campos','Castro',SYSDATE,20,1,1);
INSERT INTO FIDE_USUARIO_TB (IDENTIFICACION, NOMBRE, APELLIDO_PATERNO, APELLIDO_MATERNO, FECHA_REGISTRO, ID_DIRECCION, ID_TIPO_USUARIO, ID_ESTADO) VALUES (101000021,'Ricardo','Vargas','Arias',SYSDATE,21,1,1);
INSERT INTO FIDE_USUARIO_TB (IDENTIFICACION, NOMBRE, APELLIDO_PATERNO, APELLIDO_MATERNO, FECHA_REGISTRO, ID_DIRECCION, ID_TIPO_USUARIO, ID_ESTADO) VALUES (101000022,'Andrea','Murillo','Pérez',SYSDATE,22,1,1);
INSERT INTO FIDE_USUARIO_TB (IDENTIFICACION, NOMBRE, APELLIDO_PATERNO, APELLIDO_MATERNO, FECHA_REGISTRO, ID_DIRECCION, ID_TIPO_USUARIO, ID_ESTADO) VALUES (101000023,'Mauricio','Solano','Mora',SYSDATE,23,1,1);
INSERT INTO FIDE_USUARIO_TB (IDENTIFICACION, NOMBRE, APELLIDO_PATERNO, APELLIDO_MATERNO, FECHA_REGISTRO, ID_DIRECCION, ID_TIPO_USUARIO, ID_ESTADO) VALUES (101000024,'Tatiana','Jiménez','Salas',SYSDATE,24,1,1);
INSERT INTO FIDE_USUARIO_TB (IDENTIFICACION, NOMBRE, APELLIDO_PATERNO, APELLIDO_MATERNO, FECHA_REGISTRO, ID_DIRECCION, ID_TIPO_USUARIO, ID_ESTADO) VALUES (101000025,'Manuel','González','Torres',SYSDATE,25,1,1);
INSERT INTO FIDE_USUARIO_TB (IDENTIFICACION, NOMBRE, APELLIDO_PATERNO, APELLIDO_MATERNO, FECHA_REGISTRO, ID_DIRECCION, ID_TIPO_USUARIO, ID_ESTADO) VALUES (101000026,'Isabel','Chaves','Araya',SYSDATE,26,1,1);
INSERT INTO FIDE_USUARIO_TB (IDENTIFICACION, NOMBRE, APELLIDO_PATERNO, APELLIDO_MATERNO, FECHA_REGISTRO, ID_DIRECCION, ID_TIPO_USUARIO, ID_ESTADO) VALUES (101000027,'Steven','Brenes','Campos',SYSDATE,27,1,1);
INSERT INTO FIDE_USUARIO_TB (IDENTIFICACION, NOMBRE, APELLIDO_PATERNO, APELLIDO_MATERNO, FECHA_REGISTRO, ID_DIRECCION, ID_TIPO_USUARIO, ID_ESTADO) VALUES (101000028,'Karen','Sánchez','Valverde',SYSDATE,28,1,1);
INSERT INTO FIDE_USUARIO_TB (IDENTIFICACION, NOMBRE, APELLIDO_PATERNO, APELLIDO_MATERNO, FECHA_REGISTRO, ID_DIRECCION, ID_TIPO_USUARIO, ID_ESTADO) VALUES (101000029,'Adrián','Cordero','Solís',SYSDATE,29,1,1);
INSERT INTO FIDE_USUARIO_TB (IDENTIFICACION, NOMBRE, APELLIDO_PATERNO, APELLIDO_MATERNO, FECHA_REGISTRO, ID_DIRECCION, ID_TIPO_USUARIO, ID_ESTADO) VALUES (101000030,'Verónica','Navarro','Rojas',SYSDATE,30,1,1);
INSERT INTO FIDE_USUARIO_TB (IDENTIFICACION, NOMBRE, APELLIDO_PATERNO, APELLIDO_MATERNO, FECHA_REGISTRO, ID_DIRECCION, ID_TIPO_USUARIO, ID_ESTADO) VALUES (101000031,'Alejandro','Murillo','Vega',SYSDATE,1,3,1);
INSERT INTO FIDE_USUARIO_TB (IDENTIFICACION, NOMBRE, APELLIDO_PATERNO, APELLIDO_MATERNO, FECHA_REGISTRO, ID_DIRECCION, ID_TIPO_USUARIO, ID_ESTADO) VALUES (101000032,'María','Quesada','Chaves',SYSDATE,2,3,1);
INSERT INTO FIDE_USUARIO_TB (IDENTIFICACION, NOMBRE, APELLIDO_PATERNO, APELLIDO_MATERNO, FECHA_REGISTRO, ID_DIRECCION, ID_TIPO_USUARIO, ID_ESTADO) VALUES (101000033,'Cristian','Campos','Pérez',SYSDATE,3,4,1);
INSERT INTO FIDE_USUARIO_TB (IDENTIFICACION, NOMBRE, APELLIDO_PATERNO, APELLIDO_MATERNO, FECHA_REGISTRO, ID_DIRECCION, ID_TIPO_USUARIO, ID_ESTADO) VALUES (101000034,'Laura','Gamboa','Solano',SYSDATE,4,4,1);
INSERT INTO FIDE_USUARIO_TB (IDENTIFICACION, NOMBRE, APELLIDO_PATERNO, APELLIDO_MATERNO, FECHA_REGISTRO, ID_DIRECCION, ID_TIPO_USUARIO, ID_ESTADO) VALUES (101000035,'Óscar','Rojas','Jiménez',SYSDATE,5,2,1);
INSERT INTO FIDE_USUARIO_TB (IDENTIFICACION, NOMBRE, APELLIDO_PATERNO, APELLIDO_MATERNO, FECHA_REGISTRO, ID_DIRECCION, ID_TIPO_USUARIO, ID_ESTADO) VALUES (101000036,'Elena','Salas','Murillo',SYSDATE,6,2,1);
INSERT INTO FIDE_USUARIO_TB (IDENTIFICACION, NOMBRE, APELLIDO_PATERNO, APELLIDO_MATERNO, FECHA_REGISTRO, ID_DIRECCION, ID_TIPO_USUARIO, ID_ESTADO) VALUES (101000037,'Bryan','Castro','Cordero',SYSDATE,7,5,1);
INSERT INTO FIDE_USUARIO_TB (IDENTIFICACION, NOMBRE, APELLIDO_PATERNO, APELLIDO_MATERNO, FECHA_REGISTRO, ID_DIRECCION, ID_TIPO_USUARIO, ID_ESTADO) VALUES (101000038,'Jimena','Torres','Navarro',SYSDATE,8,5,1);
INSERT INTO FIDE_USUARIO_TB (IDENTIFICACION, NOMBRE, APELLIDO_PATERNO, APELLIDO_MATERNO, FECHA_REGISTRO, ID_DIRECCION, ID_TIPO_USUARIO, ID_ESTADO) VALUES (101000039,'Leonardo','Pérez','Campos',SYSDATE,9,1,1);
INSERT INTO FIDE_USUARIO_TB (IDENTIFICACION, NOMBRE, APELLIDO_PATERNO, APELLIDO_MATERNO, FECHA_REGISTRO, ID_DIRECCION, ID_TIPO_USUARIO, ID_ESTADO) VALUES (101000040,'Diana','Arias','Solís',SYSDATE,10,1,1);
INSERT INTO FIDE_USUARIO_TB (IDENTIFICACION, NOMBRE, APELLIDO_PATERNO, APELLIDO_MATERNO, FECHA_REGISTRO, ID_DIRECCION, ID_TIPO_USUARIO, ID_ESTADO) VALUES (101000041,'Luis','Méndez','González',SYSDATE,11,1,1);
INSERT INTO FIDE_USUARIO_TB (IDENTIFICACION, NOMBRE, APELLIDO_PATERNO, APELLIDO_MATERNO, FECHA_REGISTRO, ID_DIRECCION, ID_TIPO_USUARIO, ID_ESTADO) VALUES (101000042,'Patricia','Vega','Rojas',SYSDATE,12,1,1);
INSERT INTO FIDE_USUARIO_TB (IDENTIFICACION, NOMBRE, APELLIDO_PATERNO, APELLIDO_MATERNO, FECHA_REGISTRO, ID_DIRECCION, ID_TIPO_USUARIO, ID_ESTADO) VALUES (101000043,'Jonathan','Araya','Campos',SYSDATE,13,1,1);
INSERT INTO FIDE_USUARIO_TB (IDENTIFICACION, NOMBRE, APELLIDO_PATERNO, APELLIDO_MATERNO, FECHA_REGISTRO, ID_DIRECCION, ID_TIPO_USUARIO, ID_ESTADO) VALUES (101000044,'Silvia','Murillo','Jiménez',SYSDATE,14,1,1);
INSERT INTO FIDE_USUARIO_TB (IDENTIFICACION, NOMBRE, APELLIDO_PATERNO, APELLIDO_MATERNO, FECHA_REGISTRO, ID_DIRECCION, ID_TIPO_USUARIO, ID_ESTADO) VALUES (101000045,'Marco','Salas','Navarro',SYSDATE,15,1,1);
INSERT INTO FIDE_USUARIO_TB (IDENTIFICACION, NOMBRE, APELLIDO_PATERNO, APELLIDO_MATERNO, FECHA_REGISTRO, ID_DIRECCION, ID_TIPO_USUARIO, ID_ESTADO) VALUES (101000046,'Carolina','Quesada','Torres',SYSDATE,16,1,1);
INSERT INTO FIDE_USUARIO_TB (IDENTIFICACION, NOMBRE, APELLIDO_PATERNO, APELLIDO_MATERNO, FECHA_REGISTRO, ID_DIRECCION, ID_TIPO_USUARIO, ID_ESTADO) VALUES (101000047,'Héctor','Campos','Mora',SYSDATE,17,1,1);
INSERT INTO FIDE_USUARIO_TB (IDENTIFICACION, NOMBRE, APELLIDO_PATERNO, APELLIDO_MATERNO, FECHA_REGISTRO, ID_DIRECCION, ID_TIPO_USUARIO, ID_ESTADO) VALUES (101000048,'Daniel','González','Cordero',SYSDATE,18,1,1);
INSERT INTO FIDE_USUARIO_TB (IDENTIFICACION, NOMBRE, APELLIDO_PATERNO, APELLIDO_MATERNO, FECHA_REGISTRO, ID_DIRECCION, ID_TIPO_USUARIO, ID_ESTADO) VALUES (101000049,'Ana','Vargas','Jiménez',SYSDATE,19,1,1);
INSERT INTO FIDE_USUARIO_TB (IDENTIFICACION, NOMBRE, APELLIDO_PATERNO, APELLIDO_MATERNO, FECHA_REGISTRO, ID_DIRECCION, ID_TIPO_USUARIO, ID_ESTADO) VALUES (101000050,'Roberto','Castro','Solano',SYSDATE,20,1,1);

INSERT INTO FIDE_CORREO_TB (IDENTIFICACION, CORREO, ID_ESTADO) VALUES (101000001,'carlos.ramirez@email.com',1);
INSERT INTO FIDE_CORREO_TB (IDENTIFICACION, CORREO, ID_ESTADO) VALUES (101000002,'daniela.mora@email.com',1);
INSERT INTO FIDE_CORREO_TB (IDENTIFICACION, CORREO, ID_ESTADO) VALUES (101000003,'andres.solis@email.com',1);
INSERT INTO FIDE_CORREO_TB (IDENTIFICACION, CORREO, ID_ESTADO) VALUES (101000004,'valeria.chaves@email.com',1);
INSERT INTO FIDE_CORREO_TB (IDENTIFICACION, CORREO, ID_ESTADO) VALUES (101000005,'sebastian.jimenez@email.com',1);
INSERT INTO FIDE_CORREO_TB (IDENTIFICACION, CORREO, ID_ESTADO) VALUES (101000006,'gabriela.campos@email.com',1);
INSERT INTO FIDE_CORREO_TB (IDENTIFICACION, CORREO, ID_ESTADO) VALUES (101000007,'javier.castro@email.com',1);
INSERT INTO FIDE_CORREO_TB (IDENTIFICACION, CORREO, ID_ESTADO) VALUES (101000008,'natalia.perez@email.com',1);
INSERT INTO FIDE_CORREO_TB (IDENTIFICACION, CORREO, ID_ESTADO) VALUES (101000009,'esteban.rodriguez@email.com',1);
INSERT INTO FIDE_CORREO_TB (IDENTIFICACION, CORREO, ID_ESTADO) VALUES (101000010,'mariana.cordero@email.com',1);
INSERT INTO FIDE_CORREO_TB (IDENTIFICACION, CORREO, ID_ESTADO) VALUES (101000011,'kevin.gonzalez@email.com',1);
INSERT INTO FIDE_CORREO_TB (IDENTIFICACION, CORREO, ID_ESTADO) VALUES (101000012,'lucia.torres@email.com',1);
INSERT INTO FIDE_CORREO_TB (IDENTIFICACION, CORREO, ID_ESTADO) VALUES (101000013,'diego.salas@email.com',1);
INSERT INTO FIDE_CORREO_TB (IDENTIFICACION, CORREO, ID_ESTADO) VALUES (101000014,'sofia.valverde@email.com',1);
INSERT INTO FIDE_CORREO_TB (IDENTIFICACION, CORREO, ID_ESTADO) VALUES (101000015,'jose.rojas@email.com',1);
INSERT INTO FIDE_CORREO_TB (IDENTIFICACION, CORREO, ID_ESTADO) VALUES (101000016,'paula.gamboa@email.com',1);
INSERT INTO FIDE_CORREO_TB (IDENTIFICACION, CORREO, ID_ESTADO) VALUES (101000017,'david.cespedes@email.com',1);
INSERT INTO FIDE_CORREO_TB (IDENTIFICACION, CORREO, ID_ESTADO) VALUES (101000018,'camila.quesada@email.com',1);
INSERT INTO FIDE_CORREO_TB (IDENTIFICACION, CORREO, ID_ESTADO) VALUES (101000019,'fernando.navarro@email.com',1);
INSERT INTO FIDE_CORREO_TB (IDENTIFICACION, CORREO, ID_ESTADO) VALUES (101000020,'melissa.campos@email.com',1);
INSERT INTO FIDE_CORREO_TB (IDENTIFICACION, CORREO, ID_ESTADO) VALUES (101000021,'ricardo.vargas@email.com',1);
INSERT INTO FIDE_CORREO_TB (IDENTIFICACION, CORREO, ID_ESTADO) VALUES (101000022,'andrea.murillo@email.com',1);
INSERT INTO FIDE_CORREO_TB (IDENTIFICACION, CORREO, ID_ESTADO) VALUES (101000023,'mauricio.solano@email.com',1);
INSERT INTO FIDE_CORREO_TB (IDENTIFICACION, CORREO, ID_ESTADO) VALUES (101000024,'tatiana.jimenez@email.com',1);
INSERT INTO FIDE_CORREO_TB (IDENTIFICACION, CORREO, ID_ESTADO) VALUES (101000025,'manuel.gonzalez@email.com',1);
INSERT INTO FIDE_CORREO_TB (IDENTIFICACION, CORREO, ID_ESTADO) VALUES (101000026,'isabel.chaves@email.com',1);
INSERT INTO FIDE_CORREO_TB (IDENTIFICACION, CORREO, ID_ESTADO) VALUES (101000027,'steven.brenes@email.com',1);
INSERT INTO FIDE_CORREO_TB (IDENTIFICACION, CORREO, ID_ESTADO) VALUES (101000028,'karen.sanchez@email.com',1);
INSERT INTO FIDE_CORREO_TB (IDENTIFICACION, CORREO, ID_ESTADO) VALUES (101000029,'adrian.cordero@email.com',1);
INSERT INTO FIDE_CORREO_TB (IDENTIFICACION, CORREO, ID_ESTADO) VALUES (101000030,'veronica.navarro@email.com',1);
INSERT INTO FIDE_CORREO_TB (IDENTIFICACION, CORREO, ID_ESTADO) VALUES (101000031,'alejandro.murillo@email.com',1);
INSERT INTO FIDE_CORREO_TB (IDENTIFICACION, CORREO, ID_ESTADO) VALUES (101000032,'maria.quesada@email.com',1);
INSERT INTO FIDE_CORREO_TB (IDENTIFICACION, CORREO, ID_ESTADO) VALUES (101000033,'cristian.campos@email.com',1);
INSERT INTO FIDE_CORREO_TB (IDENTIFICACION, CORREO, ID_ESTADO) VALUES (101000034,'laura.gamboa@email.com',1);
INSERT INTO FIDE_CORREO_TB (IDENTIFICACION, CORREO, ID_ESTADO) VALUES (101000035,'oscar.rojas@email.com',1);
INSERT INTO FIDE_CORREO_TB (IDENTIFICACION, CORREO, ID_ESTADO) VALUES (101000036,'elena.salas@email.com',1);
INSERT INTO FIDE_CORREO_TB (IDENTIFICACION, CORREO, ID_ESTADO) VALUES (101000037,'bryan.castro@email.com',1);
INSERT INTO FIDE_CORREO_TB (IDENTIFICACION, CORREO, ID_ESTADO) VALUES (101000038,'jimena.torres@email.com',1);
INSERT INTO FIDE_CORREO_TB (IDENTIFICACION, CORREO, ID_ESTADO) VALUES (101000039,'leonardo.perez@email.com',1);
INSERT INTO FIDE_CORREO_TB (IDENTIFICACION, CORREO, ID_ESTADO) VALUES (101000040,'diana.arias@email.com',1);
INSERT INTO FIDE_CORREO_TB (IDENTIFICACION, CORREO, ID_ESTADO) VALUES (101000041,'luis.mendez@email.com',1);
INSERT INTO FIDE_CORREO_TB (IDENTIFICACION, CORREO, ID_ESTADO) VALUES (101000042,'patricia.vega@email.com',1);
INSERT INTO FIDE_CORREO_TB (IDENTIFICACION, CORREO, ID_ESTADO) VALUES (101000043,'jonathan.araya@email.com',1);
INSERT INTO FIDE_CORREO_TB (IDENTIFICACION, CORREO, ID_ESTADO) VALUES (101000044,'silvia.murillo@email.com',1);
INSERT INTO FIDE_CORREO_TB (IDENTIFICACION, CORREO, ID_ESTADO) VALUES (101000045,'marco.salas@email.com',1);
INSERT INTO FIDE_CORREO_TB (IDENTIFICACION, CORREO, ID_ESTADO) VALUES (101000046,'carolina.quesada@email.com',1);
INSERT INTO FIDE_CORREO_TB (IDENTIFICACION, CORREO, ID_ESTADO) VALUES (101000047,'hector.campos@email.com',1);
INSERT INTO FIDE_CORREO_TB (IDENTIFICACION, CORREO, ID_ESTADO) VALUES (101000048,'daniel.gonzalez@email.com',1);
INSERT INTO FIDE_CORREO_TB (IDENTIFICACION, CORREO, ID_ESTADO) VALUES (101000049,'ana.vargas@email.com',1);
INSERT INTO FIDE_CORREO_TB (IDENTIFICACION, CORREO, ID_ESTADO) VALUES (101000050,'roberto.castro@email.com',1);

INSERT INTO FIDE_TELEFONO_TB (IDENTIFICACION, TELEFONO, ID_ESTADO) VALUES (101000001,'88123456',1);
INSERT INTO FIDE_TELEFONO_TB (IDENTIFICACION, TELEFONO, ID_ESTADO) VALUES (101000002,'88234567',1);
INSERT INTO FIDE_TELEFONO_TB (IDENTIFICACION, TELEFONO, ID_ESTADO) VALUES (101000003,'88345678',1);
INSERT INTO FIDE_TELEFONO_TB (IDENTIFICACION, TELEFONO, ID_ESTADO) VALUES (101000004,'88456789',1);
INSERT INTO FIDE_TELEFONO_TB (IDENTIFICACION, TELEFONO, ID_ESTADO) VALUES (101000005,'88567890',1);
INSERT INTO FIDE_TELEFONO_TB (IDENTIFICACION, TELEFONO, ID_ESTADO) VALUES (101000006,'88678901',1);
INSERT INTO FIDE_TELEFONO_TB (IDENTIFICACION, TELEFONO, ID_ESTADO) VALUES (101000007,'88789012',1);
INSERT INTO FIDE_TELEFONO_TB (IDENTIFICACION, TELEFONO, ID_ESTADO) VALUES (101000008,'88890123',1);
INSERT INTO FIDE_TELEFONO_TB (IDENTIFICACION, TELEFONO, ID_ESTADO) VALUES (101000009,'88901234',1);
INSERT INTO FIDE_TELEFONO_TB (IDENTIFICACION, TELEFONO, ID_ESTADO) VALUES (101000010,'88012345',1);
INSERT INTO FIDE_TELEFONO_TB (IDENTIFICACION, TELEFONO, ID_ESTADO) VALUES (101000011,'87123456',1);
INSERT INTO FIDE_TELEFONO_TB (IDENTIFICACION, TELEFONO, ID_ESTADO) VALUES (101000012,'87234567',1);
INSERT INTO FIDE_TELEFONO_TB (IDENTIFICACION, TELEFONO, ID_ESTADO) VALUES (101000013,'87345678',1);
INSERT INTO FIDE_TELEFONO_TB (IDENTIFICACION, TELEFONO, ID_ESTADO) VALUES (101000014,'87456789',1);
INSERT INTO FIDE_TELEFONO_TB (IDENTIFICACION, TELEFONO, ID_ESTADO) VALUES (101000015,'87567890',1);
INSERT INTO FIDE_TELEFONO_TB (IDENTIFICACION, TELEFONO, ID_ESTADO) VALUES (101000016,'87678901',1);
INSERT INTO FIDE_TELEFONO_TB (IDENTIFICACION, TELEFONO, ID_ESTADO) VALUES (101000017,'87789012',1);
INSERT INTO FIDE_TELEFONO_TB (IDENTIFICACION, TELEFONO, ID_ESTADO) VALUES (101000018,'87890123',1);
INSERT INTO FIDE_TELEFONO_TB (IDENTIFICACION, TELEFONO, ID_ESTADO) VALUES (101000019,'87901234',1);
INSERT INTO FIDE_TELEFONO_TB (IDENTIFICACION, TELEFONO, ID_ESTADO) VALUES (101000020,'87012345',1);
INSERT INTO FIDE_TELEFONO_TB (IDENTIFICACION, TELEFONO, ID_ESTADO) VALUES (101000021,'86123456',1);
INSERT INTO FIDE_TELEFONO_TB (IDENTIFICACION, TELEFONO, ID_ESTADO) VALUES (101000022,'86234567',1);
INSERT INTO FIDE_TELEFONO_TB (IDENTIFICACION, TELEFONO, ID_ESTADO) VALUES (101000023,'86345678',1);
INSERT INTO FIDE_TELEFONO_TB (IDENTIFICACION, TELEFONO, ID_ESTADO) VALUES (101000024,'86456789',1);
INSERT INTO FIDE_TELEFONO_TB (IDENTIFICACION, TELEFONO, ID_ESTADO) VALUES (101000025,'86567890',1);
INSERT INTO FIDE_TELEFONO_TB (IDENTIFICACION, TELEFONO, ID_ESTADO) VALUES (101000026,'86678901',1);
INSERT INTO FIDE_TELEFONO_TB (IDENTIFICACION, TELEFONO, ID_ESTADO) VALUES (101000027,'86789012',1);
INSERT INTO FIDE_TELEFONO_TB (IDENTIFICACION, TELEFONO, ID_ESTADO) VALUES (101000028,'86890123',1);
INSERT INTO FIDE_TELEFONO_TB (IDENTIFICACION, TELEFONO, ID_ESTADO) VALUES (101000029,'86901234',1);
INSERT INTO FIDE_TELEFONO_TB (IDENTIFICACION, TELEFONO, ID_ESTADO) VALUES (101000030,'86012345',1);
INSERT INTO FIDE_TELEFONO_TB (IDENTIFICACION, TELEFONO, ID_ESTADO) VALUES (101000031,'85123456',1);
INSERT INTO FIDE_TELEFONO_TB (IDENTIFICACION, TELEFONO, ID_ESTADO) VALUES (101000032,'85234567',1);
INSERT INTO FIDE_TELEFONO_TB (IDENTIFICACION, TELEFONO, ID_ESTADO) VALUES (101000033,'85345678',1);
INSERT INTO FIDE_TELEFONO_TB (IDENTIFICACION, TELEFONO, ID_ESTADO) VALUES (101000034,'85456789',1);
INSERT INTO FIDE_TELEFONO_TB (IDENTIFICACION, TELEFONO, ID_ESTADO) VALUES (101000035,'85567890',1);
INSERT INTO FIDE_TELEFONO_TB (IDENTIFICACION, TELEFONO, ID_ESTADO) VALUES (101000036,'85678901',1);
INSERT INTO FIDE_TELEFONO_TB (IDENTIFICACION, TELEFONO, ID_ESTADO) VALUES (101000037,'85789012',1);
INSERT INTO FIDE_TELEFONO_TB (IDENTIFICACION, TELEFONO, ID_ESTADO) VALUES (101000038,'85890123',1);
INSERT INTO FIDE_TELEFONO_TB (IDENTIFICACION, TELEFONO, ID_ESTADO) VALUES (101000039,'85901234',1);
INSERT INTO FIDE_TELEFONO_TB (IDENTIFICACION, TELEFONO, ID_ESTADO) VALUES (101000040,'85012345',1);
INSERT INTO FIDE_TELEFONO_TB (IDENTIFICACION, TELEFONO, ID_ESTADO) VALUES (101000041,'84123456',1);
INSERT INTO FIDE_TELEFONO_TB (IDENTIFICACION, TELEFONO, ID_ESTADO) VALUES (101000042,'84234567',1);
INSERT INTO FIDE_TELEFONO_TB (IDENTIFICACION, TELEFONO, ID_ESTADO) VALUES (101000043,'84345678',1);
INSERT INTO FIDE_TELEFONO_TB (IDENTIFICACION, TELEFONO, ID_ESTADO) VALUES (101000044,'84456789',1);
INSERT INTO FIDE_TELEFONO_TB (IDENTIFICACION, TELEFONO, ID_ESTADO) VALUES (101000045,'84567890',1);
INSERT INTO FIDE_TELEFONO_TB (IDENTIFICACION, TELEFONO, ID_ESTADO) VALUES (101000046,'84678901',1);
INSERT INTO FIDE_TELEFONO_TB (IDENTIFICACION, TELEFONO, ID_ESTADO) VALUES (101000047,'84789012',1);
INSERT INTO FIDE_TELEFONO_TB (IDENTIFICACION, TELEFONO, ID_ESTADO) VALUES (101000048,'84890123',1);
INSERT INTO FIDE_TELEFONO_TB (IDENTIFICACION, TELEFONO, ID_ESTADO) VALUES (101000049,'84901234',1);
INSERT INTO FIDE_TELEFONO_TB (IDENTIFICACION, TELEFONO, ID_ESTADO) VALUES (101000050,'84012345',1);

INSERT INTO FIDE_CUENTA_TB (ID_CUENTA, IDENTIFICACION, USUARIO, PASSWORD_HASH, FECHA_REGISTRO, ID_ESTADO) VALUES (1,101000001,'carlosr','hash_pass_001',SYSDATE,1);
INSERT INTO FIDE_CUENTA_TB (ID_CUENTA, IDENTIFICACION, USUARIO, PASSWORD_HASH, FECHA_REGISTRO, ID_ESTADO) VALUES (2,101000002,'danielam','hash_pass_002',SYSDATE,1);
INSERT INTO FIDE_CUENTA_TB (ID_CUENTA, IDENTIFICACION, USUARIO, PASSWORD_HASH, FECHA_REGISTRO, ID_ESTADO) VALUES (3,101000003,'andress','hash_pass_003',SYSDATE,1);
INSERT INTO FIDE_CUENTA_TB (ID_CUENTA, IDENTIFICACION, USUARIO, PASSWORD_HASH, FECHA_REGISTRO, ID_ESTADO) VALUES (4,101000004,'valeriac','hash_pass_004',SYSDATE,1);
INSERT INTO FIDE_CUENTA_TB (ID_CUENTA, IDENTIFICACION, USUARIO, PASSWORD_HASH, FECHA_REGISTRO, ID_ESTADO) VALUES (5,101000005,'sebastianj','hash_pass_005',SYSDATE,1);
INSERT INTO FIDE_CUENTA_TB (ID_CUENTA, IDENTIFICACION, USUARIO, PASSWORD_HASH, FECHA_REGISTRO, ID_ESTADO) VALUES (6,101000006,'gabrielac','hash_pass_006',SYSDATE,1);
INSERT INTO FIDE_CUENTA_TB (ID_CUENTA, IDENTIFICACION, USUARIO, PASSWORD_HASH, FECHA_REGISTRO, ID_ESTADO) VALUES (7,101000007,'javierc','hash_pass_007',SYSDATE,1);
INSERT INTO FIDE_CUENTA_TB (ID_CUENTA, IDENTIFICACION, USUARIO, PASSWORD_HASH, FECHA_REGISTRO, ID_ESTADO) VALUES (8,101000008,'nataliap','hash_pass_008',SYSDATE,1);
INSERT INTO FIDE_CUENTA_TB (ID_CUENTA, IDENTIFICACION, USUARIO, PASSWORD_HASH, FECHA_REGISTRO, ID_ESTADO) VALUES (9,101000009,'estebanr','hash_pass_009',SYSDATE,1);
INSERT INTO FIDE_CUENTA_TB (ID_CUENTA, IDENTIFICACION, USUARIO, PASSWORD_HASH, FECHA_REGISTRO, ID_ESTADO) VALUES (10,101000010,'marianac','hash_pass_010',SYSDATE,1);
INSERT INTO FIDE_CUENTA_TB (ID_CUENTA, IDENTIFICACION, USUARIO, PASSWORD_HASH, FECHA_REGISTRO, ID_ESTADO) VALUES (11,101000011,'keving','hash_pass_011',SYSDATE,1);
INSERT INTO FIDE_CUENTA_TB (ID_CUENTA, IDENTIFICACION, USUARIO, PASSWORD_HASH, FECHA_REGISTRO, ID_ESTADO) VALUES (12,101000012,'luciat','hash_pass_012',SYSDATE,1);
INSERT INTO FIDE_CUENTA_TB (ID_CUENTA, IDENTIFICACION, USUARIO, PASSWORD_HASH, FECHA_REGISTRO, ID_ESTADO) VALUES (13,101000013,'diegos','hash_pass_013',SYSDATE,1);
INSERT INTO FIDE_CUENTA_TB (ID_CUENTA, IDENTIFICACION, USUARIO, PASSWORD_HASH, FECHA_REGISTRO, ID_ESTADO) VALUES (14,101000014,'sofiv','hash_pass_014',SYSDATE,1);
INSERT INTO FIDE_CUENTA_TB (ID_CUENTA, IDENTIFICACION, USUARIO, PASSWORD_HASH, FECHA_REGISTRO, ID_ESTADO) VALUES (15,101000015,'joser','hash_pass_015',SYSDATE,1);
INSERT INTO FIDE_CUENTA_TB (ID_CUENTA, IDENTIFICACION, USUARIO, PASSWORD_HASH, FECHA_REGISTRO, ID_ESTADO) VALUES (16,101000016,'paulag','hash_pass_016',SYSDATE,1);
INSERT INTO FIDE_CUENTA_TB (ID_CUENTA, IDENTIFICACION, USUARIO, PASSWORD_HASH, FECHA_REGISTRO, ID_ESTADO) VALUES (17,101000017,'davidc','hash_pass_017',SYSDATE,1);
INSERT INTO FIDE_CUENTA_TB (ID_CUENTA, IDENTIFICACION, USUARIO, PASSWORD_HASH, FECHA_REGISTRO, ID_ESTADO) VALUES (18,101000018,'camilaq','hash_pass_018',SYSDATE,1);
INSERT INTO FIDE_CUENTA_TB (ID_CUENTA, IDENTIFICACION, USUARIO, PASSWORD_HASH, FECHA_REGISTRO, ID_ESTADO) VALUES (19,101000019,'fernandon','hash_pass_019',SYSDATE,1);
INSERT INTO FIDE_CUENTA_TB (ID_CUENTA, IDENTIFICACION, USUARIO, PASSWORD_HASH, FECHA_REGISTRO, ID_ESTADO) VALUES (20,101000020,'melissac','hash_pass_020',SYSDATE,1);
INSERT INTO FIDE_CUENTA_TB (ID_CUENTA, IDENTIFICACION, USUARIO, PASSWORD_HASH, FECHA_REGISTRO, ID_ESTADO) VALUES (21,101000021,'ricardov','hash_pass_021',SYSDATE,1);
INSERT INTO FIDE_CUENTA_TB (ID_CUENTA, IDENTIFICACION, USUARIO, PASSWORD_HASH, FECHA_REGISTRO, ID_ESTADO) VALUES (22,101000022,'andream','hash_pass_022',SYSDATE,1);
INSERT INTO FIDE_CUENTA_TB (ID_CUENTA, IDENTIFICACION, USUARIO, PASSWORD_HASH, FECHA_REGISTRO, ID_ESTADO) VALUES (23,101000023,'mauricios','hash_pass_023',SYSDATE,1);
INSERT INTO FIDE_CUENTA_TB (ID_CUENTA, IDENTIFICACION, USUARIO, PASSWORD_HASH, FECHA_REGISTRO, ID_ESTADO) VALUES (24,101000024,'tatianaj','hash_pass_024',SYSDATE,1);
INSERT INTO FIDE_CUENTA_TB (ID_CUENTA, IDENTIFICACION, USUARIO, PASSWORD_HASH, FECHA_REGISTRO, ID_ESTADO) VALUES (25,101000025,'manuelg','hash_pass_025',SYSDATE,1);
INSERT INTO FIDE_CUENTA_TB (ID_CUENTA, IDENTIFICACION, USUARIO, PASSWORD_HASH, FECHA_REGISTRO, ID_ESTADO) VALUES (26,101000026,'isabelc','hash_pass_026',SYSDATE,1);
INSERT INTO FIDE_CUENTA_TB (ID_CUENTA, IDENTIFICACION, USUARIO, PASSWORD_HASH, FECHA_REGISTRO, ID_ESTADO) VALUES (27,101000027,'stevenb','hash_pass_027',SYSDATE,1);
INSERT INTO FIDE_CUENTA_TB (ID_CUENTA, IDENTIFICACION, USUARIO, PASSWORD_HASH, FECHA_REGISTRO, ID_ESTADO) VALUES (28,101000028,'karens','hash_pass_028',SYSDATE,1);
INSERT INTO FIDE_CUENTA_TB (ID_CUENTA, IDENTIFICACION, USUARIO, PASSWORD_HASH, FECHA_REGISTRO, ID_ESTADO) VALUES (29,101000029,'adrianc','hash_pass_029',SYSDATE,1);
INSERT INTO FIDE_CUENTA_TB (ID_CUENTA, IDENTIFICACION, USUARIO, PASSWORD_HASH, FECHA_REGISTRO, ID_ESTADO) VALUES (30,101000030,'veronican','hash_pass_030',SYSDATE,1);
INSERT INTO FIDE_CUENTA_TB (ID_CUENTA, IDENTIFICACION, USUARIO, PASSWORD_HASH, FECHA_REGISTRO, ID_ESTADO) VALUES (31,101000031,'alejandrom','hash_pass_031',SYSDATE,1);
INSERT INTO FIDE_CUENTA_TB (ID_CUENTA, IDENTIFICACION, USUARIO, PASSWORD_HASH, FECHA_REGISTRO, ID_ESTADO) VALUES (32,101000032,'mariaq','hash_pass_032',SYSDATE,1);
INSERT INTO FIDE_CUENTA_TB (ID_CUENTA, IDENTIFICACION, USUARIO, PASSWORD_HASH, FECHA_REGISTRO, ID_ESTADO) VALUES (33,101000033,'cristianc','hash_pass_033',SYSDATE,1);
INSERT INTO FIDE_CUENTA_TB (ID_CUENTA, IDENTIFICACION, USUARIO, PASSWORD_HASH, FECHA_REGISTRO, ID_ESTADO) VALUES (34,101000034,'laurag','hash_pass_034',SYSDATE,1);
INSERT INTO FIDE_CUENTA_TB (ID_CUENTA, IDENTIFICACION, USUARIO, PASSWORD_HASH, FECHA_REGISTRO, ID_ESTADO) VALUES (35,101000035,'oscarr','hash_pass_035',SYSDATE,1);
INSERT INTO FIDE_CUENTA_TB (ID_CUENTA, IDENTIFICACION, USUARIO, PASSWORD_HASH, FECHA_REGISTRO, ID_ESTADO) VALUES (36,101000036,'elenas','hash_pass_036',SYSDATE,1);
INSERT INTO FIDE_CUENTA_TB (ID_CUENTA, IDENTIFICACION, USUARIO, PASSWORD_HASH, FECHA_REGISTRO, ID_ESTADO) VALUES (37,101000037,'bryanc','hash_pass_037',SYSDATE,1);
INSERT INTO FIDE_CUENTA_TB (ID_CUENTA, IDENTIFICACION, USUARIO, PASSWORD_HASH, FECHA_REGISTRO, ID_ESTADO) VALUES (38,101000038,'jimenat','hash_pass_038',SYSDATE,1);
INSERT INTO FIDE_CUENTA_TB (ID_CUENTA, IDENTIFICACION, USUARIO, PASSWORD_HASH, FECHA_REGISTRO, ID_ESTADO) VALUES (39,101000039,'leonardop','hash_pass_039',SYSDATE,1);
INSERT INTO FIDE_CUENTA_TB (ID_CUENTA, IDENTIFICACION, USUARIO, PASSWORD_HASH, FECHA_REGISTRO, ID_ESTADO) VALUES (40,101000040,'dianaa','hash_pass_040',SYSDATE,1);
INSERT INTO FIDE_CUENTA_TB (ID_CUENTA, IDENTIFICACION, USUARIO, PASSWORD_HASH, FECHA_REGISTRO, ID_ESTADO) VALUES (41,101000041,'luism','hash_pass_041',SYSDATE,1);
INSERT INTO FIDE_CUENTA_TB (ID_CUENTA, IDENTIFICACION, USUARIO, PASSWORD_HASH, FECHA_REGISTRO, ID_ESTADO) VALUES (42,101000042,'patriciav','hash_pass_042',SYSDATE,1);
INSERT INTO FIDE_CUENTA_TB (ID_CUENTA, IDENTIFICACION, USUARIO, PASSWORD_HASH, FECHA_REGISTRO, ID_ESTADO) VALUES (43,101000043,'jonathana','hash_pass_043',SYSDATE,1);
INSERT INTO FIDE_CUENTA_TB (ID_CUENTA, IDENTIFICACION, USUARIO, PASSWORD_HASH, FECHA_REGISTRO, ID_ESTADO) VALUES (44,101000044,'silviam','hash_pass_044',SYSDATE,1);
INSERT INTO FIDE_CUENTA_TB (ID_CUENTA, IDENTIFICACION, USUARIO, PASSWORD_HASH, FECHA_REGISTRO, ID_ESTADO) VALUES (45,101000045,'marcos','hash_pass_045',SYSDATE,1);
INSERT INTO FIDE_CUENTA_TB (ID_CUENTA, IDENTIFICACION, USUARIO, PASSWORD_HASH, FECHA_REGISTRO, ID_ESTADO) VALUES (46,101000046,'carolinaq','hash_pass_046',SYSDATE,1);
INSERT INTO FIDE_CUENTA_TB (ID_CUENTA, IDENTIFICACION, USUARIO, PASSWORD_HASH, FECHA_REGISTRO, ID_ESTADO) VALUES (47,101000047,'hectorc','hash_pass_047',SYSDATE,1);
INSERT INTO FIDE_CUENTA_TB (ID_CUENTA, IDENTIFICACION, USUARIO, PASSWORD_HASH, FECHA_REGISTRO, ID_ESTADO) VALUES (48,101000048,'danielg','hash_pass_048',SYSDATE,1);
INSERT INTO FIDE_CUENTA_TB (ID_CUENTA, IDENTIFICACION, USUARIO, PASSWORD_HASH, FECHA_REGISTRO, ID_ESTADO) VALUES (49,101000049,'anav','hash_pass_049',SYSDATE,1);
INSERT INTO FIDE_CUENTA_TB (ID_CUENTA, IDENTIFICACION, USUARIO, PASSWORD_HASH, FECHA_REGISTRO, ID_ESTADO) VALUES (50,101000050,'robertoc','hash_pass_050',SYSDATE,1);

COMMIT;

INSERT INTO FIDE_TIPO_OTP_TB (ID_TIPO_OTP, NOMBRE, ID_ESTADO) VALUES (1,'Verificación de Registro',1);
INSERT INTO FIDE_TIPO_OTP_TB (ID_TIPO_OTP, NOMBRE, ID_ESTADO) VALUES (2,'Inicio de Sesión',1);
INSERT INTO FIDE_TIPO_OTP_TB (ID_TIPO_OTP, NOMBRE, ID_ESTADO) VALUES (3,'Recuperación de Contraseña',1);
INSERT INTO FIDE_TIPO_OTP_TB (ID_TIPO_OTP, NOMBRE, ID_ESTADO) VALUES (4,'Doble Factor de Autenticación',1);
INSERT INTO FIDE_TIPO_OTP_TB (ID_TIPO_OTP, NOMBRE, ID_ESTADO) VALUES (5,'Cambio de Correo Electrónico',1);

INSERT INTO FIDE_CODIGO_OTP_TB (ID_CODIGO_OTP, ID_CUENTA, ID_TIPO_OTP, CODIGO_HASH, FECHA_EXPIRACION, FECHA_USO, INTENTOS, FECHA_CREACION, ID_ESTADO) VALUES (1,1,1,'otp_hash_001',SYSDATE+1/24,NULL,0,SYSDATE,1);
INSERT INTO FIDE_CODIGO_OTP_TB (ID_CODIGO_OTP, ID_CUENTA, ID_TIPO_OTP, CODIGO_HASH, FECHA_EXPIRACION, FECHA_USO, INTENTOS, FECHA_CREACION, ID_ESTADO) VALUES (2,2,2,'otp_hash_002',SYSDATE+1/24,NULL,0,SYSDATE,1);
INSERT INTO FIDE_CODIGO_OTP_TB (ID_CODIGO_OTP, ID_CUENTA, ID_TIPO_OTP, CODIGO_HASH, FECHA_EXPIRACION, FECHA_USO, INTENTOS, FECHA_CREACION, ID_ESTADO) VALUES (3,3,3,'otp_hash_003',SYSDATE+1/24,NULL,0,SYSDATE,1);
INSERT INTO FIDE_CODIGO_OTP_TB (ID_CODIGO_OTP, ID_CUENTA, ID_TIPO_OTP, CODIGO_HASH, FECHA_EXPIRACION, FECHA_USO, INTENTOS, FECHA_CREACION, ID_ESTADO) VALUES (4,4,1,'otp_hash_004',SYSDATE+1/24,NULL,0,SYSDATE,1);
INSERT INTO FIDE_CODIGO_OTP_TB (ID_CODIGO_OTP, ID_CUENTA, ID_TIPO_OTP, CODIGO_HASH, FECHA_EXPIRACION, FECHA_USO, INTENTOS, FECHA_CREACION, ID_ESTADO) VALUES (5,5,2,'otp_hash_005',SYSDATE+1/24,NULL,0,SYSDATE,1);
INSERT INTO FIDE_CODIGO_OTP_TB (ID_CODIGO_OTP, ID_CUENTA, ID_TIPO_OTP, CODIGO_HASH, FECHA_EXPIRACION, FECHA_USO, INTENTOS, FECHA_CREACION, ID_ESTADO) VALUES (6,6,1,'otp_hash_006',SYSDATE+1/24,NULL,0,SYSDATE,1);
INSERT INTO FIDE_CODIGO_OTP_TB (ID_CODIGO_OTP, ID_CUENTA, ID_TIPO_OTP, CODIGO_HASH, FECHA_EXPIRACION, FECHA_USO, INTENTOS, FECHA_CREACION, ID_ESTADO) VALUES (7,7,3,'otp_hash_007',SYSDATE+1/24,NULL,0,SYSDATE,1);
INSERT INTO FIDE_CODIGO_OTP_TB (ID_CODIGO_OTP, ID_CUENTA, ID_TIPO_OTP, CODIGO_HASH, FECHA_EXPIRACION, FECHA_USO, INTENTOS, FECHA_CREACION, ID_ESTADO) VALUES (8,8,2,'otp_hash_008',SYSDATE+1/24,NULL,0,SYSDATE,1);
INSERT INTO FIDE_CODIGO_OTP_TB (ID_CODIGO_OTP, ID_CUENTA, ID_TIPO_OTP, CODIGO_HASH, FECHA_EXPIRACION, FECHA_USO, INTENTOS, FECHA_CREACION, ID_ESTADO) VALUES (9,9,1,'otp_hash_009',SYSDATE+1/24,NULL,0,SYSDATE,1);
INSERT INTO FIDE_CODIGO_OTP_TB (ID_CODIGO_OTP, ID_CUENTA, ID_TIPO_OTP, CODIGO_HASH, FECHA_EXPIRACION, FECHA_USO, INTENTOS, FECHA_CREACION, ID_ESTADO) VALUES (10,10,2,'otp_hash_010',SYSDATE+1/24,NULL,0,SYSDATE,1);
INSERT INTO FIDE_CODIGO_OTP_TB (ID_CODIGO_OTP, ID_CUENTA, ID_TIPO_OTP, CODIGO_HASH, FECHA_EXPIRACION, FECHA_USO, INTENTOS, FECHA_CREACION, ID_ESTADO) VALUES (11,11,3,'otp_hash_011',SYSDATE+1/24,NULL,0,SYSDATE,1);
INSERT INTO FIDE_CODIGO_OTP_TB (ID_CODIGO_OTP, ID_CUENTA, ID_TIPO_OTP, CODIGO_HASH, FECHA_EXPIRACION, FECHA_USO, INTENTOS, FECHA_CREACION, ID_ESTADO) VALUES (12,12,1,'otp_hash_012',SYSDATE+1/24,NULL,0,SYSDATE,1);
INSERT INTO FIDE_CODIGO_OTP_TB (ID_CODIGO_OTP, ID_CUENTA, ID_TIPO_OTP, CODIGO_HASH, FECHA_EXPIRACION, FECHA_USO, INTENTOS, FECHA_CREACION, ID_ESTADO) VALUES (13,13,2,'otp_hash_013',SYSDATE+1/24,NULL,0,SYSDATE,1);
INSERT INTO FIDE_CODIGO_OTP_TB (ID_CODIGO_OTP, ID_CUENTA, ID_TIPO_OTP, CODIGO_HASH, FECHA_EXPIRACION, FECHA_USO, INTENTOS, FECHA_CREACION, ID_ESTADO) VALUES (14,14,3,'otp_hash_014',SYSDATE+1/24,NULL,0,SYSDATE,1);
INSERT INTO FIDE_CODIGO_OTP_TB (ID_CODIGO_OTP, ID_CUENTA, ID_TIPO_OTP, CODIGO_HASH, FECHA_EXPIRACION, FECHA_USO, INTENTOS, FECHA_CREACION, ID_ESTADO) VALUES (15,15,1,'otp_hash_015',SYSDATE+1/24,NULL,0,SYSDATE,1);

INSERT INTO FIDE_REFRESH_TOKEN_TB (ID_REFRESH_TOKEN, ID_CUENTA, TOKEN_HASH, JTI, IP_ADDRESS, USER_AGENT, FECHA_EXPIRACION, FECHA_REVOCACION, ID_ESTADO) VALUES (1,1,'token_hash_001','jti_001','192.168.1.1','Mozilla/5.0 Chrome',SYSDATE+7,NULL,1);
INSERT INTO FIDE_REFRESH_TOKEN_TB (ID_REFRESH_TOKEN, ID_CUENTA, TOKEN_HASH, JTI, IP_ADDRESS, USER_AGENT, FECHA_EXPIRACION, FECHA_REVOCACION, ID_ESTADO) VALUES (2,2,'token_hash_002','jti_002','192.168.1.2','Mozilla/5.0 Chrome',SYSDATE+7,NULL,1);
INSERT INTO FIDE_REFRESH_TOKEN_TB (ID_REFRESH_TOKEN, ID_CUENTA, TOKEN_HASH, JTI, IP_ADDRESS, USER_AGENT, FECHA_EXPIRACION, FECHA_REVOCACION, ID_ESTADO) VALUES (3,3,'token_hash_003','jti_003','192.168.1.3','Mozilla/5.0 Chrome',SYSDATE+7,NULL,1);
INSERT INTO FIDE_REFRESH_TOKEN_TB (ID_REFRESH_TOKEN, ID_CUENTA, TOKEN_HASH, JTI, IP_ADDRESS, USER_AGENT, FECHA_EXPIRACION, FECHA_REVOCACION, ID_ESTADO) VALUES (4,4,'token_hash_004','jti_004','192.168.1.4','Mozilla/5.0 Chrome',SYSDATE+7,NULL,1);
INSERT INTO FIDE_REFRESH_TOKEN_TB (ID_REFRESH_TOKEN, ID_CUENTA, TOKEN_HASH, JTI, IP_ADDRESS, USER_AGENT, FECHA_EXPIRACION, FECHA_REVOCACION, ID_ESTADO) VALUES (5,5,'token_hash_005','jti_005','192.168.1.5','Mozilla/5.0 Chrome',SYSDATE+7,NULL,1);
INSERT INTO FIDE_REFRESH_TOKEN_TB (ID_REFRESH_TOKEN, ID_CUENTA, TOKEN_HASH, JTI, IP_ADDRESS, USER_AGENT, FECHA_EXPIRACION, FECHA_REVOCACION, ID_ESTADO) VALUES (6,6,'token_hash_006','jti_006','192.168.1.6','Mozilla/5.0 Chrome',SYSDATE+7,NULL,1);
INSERT INTO FIDE_REFRESH_TOKEN_TB (ID_REFRESH_TOKEN, ID_CUENTA, TOKEN_HASH, JTI, IP_ADDRESS, USER_AGENT, FECHA_EXPIRACION, FECHA_REVOCACION, ID_ESTADO) VALUES (7,7,'token_hash_007','jti_007','192.168.1.7','Mozilla/5.0 Chrome',SYSDATE+7,NULL,1);
INSERT INTO FIDE_REFRESH_TOKEN_TB (ID_REFRESH_TOKEN, ID_CUENTA, TOKEN_HASH, JTI, IP_ADDRESS, USER_AGENT, FECHA_EXPIRACION, FECHA_REVOCACION, ID_ESTADO) VALUES (8,8,'token_hash_008','jti_008','192.168.1.8','Mozilla/5.0 Chrome',SYSDATE+7,NULL,1);
INSERT INTO FIDE_REFRESH_TOKEN_TB (ID_REFRESH_TOKEN, ID_CUENTA, TOKEN_HASH, JTI, IP_ADDRESS, USER_AGENT, FECHA_EXPIRACION, FECHA_REVOCACION, ID_ESTADO) VALUES (9,9,'token_hash_009','jti_009','192.168.1.9','Mozilla/5.0 Chrome',SYSDATE+7,NULL,1);
INSERT INTO FIDE_REFRESH_TOKEN_TB (ID_REFRESH_TOKEN, ID_CUENTA, TOKEN_HASH, JTI, IP_ADDRESS, USER_AGENT, FECHA_EXPIRACION, FECHA_REVOCACION, ID_ESTADO) VALUES (10,10,'token_hash_010','jti_010','192.168.1.10','Mozilla/5.0 Chrome',SYSDATE+7,NULL,1);

INSERT INTO FIDE_CATEGORIA_TB (ID_CATEGORIA, NOMBRE, ID_ESTADO) VALUES (1,'Gorras',1);
INSERT INTO FIDE_CATEGORIA_TB (ID_CATEGORIA, NOMBRE, ID_ESTADO) VALUES (2,'Camisas',1);
INSERT INTO FIDE_CATEGORIA_TB (ID_CATEGORIA, NOMBRE, ID_ESTADO) VALUES (3,'Pulseras',1);
INSERT INTO FIDE_CATEGORIA_TB (ID_CATEGORIA, NOMBRE, ID_ESTADO) VALUES (4,'Stickers',1);
INSERT INTO FIDE_CATEGORIA_TB (ID_CATEGORIA, NOMBRE, ID_ESTADO) VALUES (5,'Hoodies',1);
INSERT INTO FIDE_CATEGORIA_TB (ID_CATEGORIA, NOMBRE, ID_ESTADO) VALUES (6,'Bolsos',1);
INSERT INTO FIDE_CATEGORIA_TB (ID_CATEGORIA, NOMBRE, ID_ESTADO) VALUES (7,'Lanyards',1);
INSERT INTO FIDE_CATEGORIA_TB (ID_CATEGORIA, NOMBRE, ID_ESTADO) VALUES (8,'Botellas',1);
INSERT INTO FIDE_CATEGORIA_TB (ID_CATEGORIA, NOMBRE, ID_ESTADO) VALUES (9,'Pines',1);
INSERT INTO FIDE_CATEGORIA_TB (ID_CATEGORIA, NOMBRE, ID_ESTADO) VALUES (10,'Posters',1);

INSERT INTO FIDE_PRODUCTO_TB (ID_PRODUCTO, NOMBRE, DESCRIPCION, PRECIO, ID_CATEGORIA, ID_ESTADO) VALUES (1,'Gorra Techno Jungle','Gorra negra con logo Techno Jungle Festival',15000,1,1);
INSERT INTO FIDE_PRODUCTO_TB (ID_PRODUCTO, NOMBRE, DESCRIPCION, PRECIO, ID_CATEGORIA, ID_ESTADO) VALUES (2,'Gorra Sunset Rave','Gorra edición playa Tamarindo',16000,1,1);
INSERT INTO FIDE_PRODUCTO_TB (ID_PRODUCTO, NOMBRE, DESCRIPCION, PRECIO, ID_CATEGORIA, ID_ESTADO) VALUES (3,'Gorra Beat Nation','Gorra oficial Beat Nation CR',14000,1,1);
INSERT INTO FIDE_PRODUCTO_TB (ID_PRODUCTO, NOMBRE, DESCRIPCION, PRECIO, ID_CATEGORIA, ID_ESTADO) VALUES (4,'Gorra Bass Drop','Gorra negra con bordado Bass Drop',15500,1,1);
INSERT INTO FIDE_PRODUCTO_TB (ID_PRODUCTO, NOMBRE, DESCRIPCION, PRECIO, ID_CATEGORIA, ID_ESTADO) VALUES (5,'Gorra Underground','Gorra edición limitada Underground Cartago',17000,1,1);
INSERT INTO FIDE_PRODUCTO_TB (ID_PRODUCTO, NOMBRE, DESCRIPCION, PRECIO, ID_CATEGORIA, ID_ESTADO) VALUES (6,'Camisa Jacó Bass Festival','Camiseta oficial del festival Jacó Bass',20000,2,1);
INSERT INTO FIDE_PRODUCTO_TB (ID_PRODUCTO, NOMBRE, DESCRIPCION, PRECIO, ID_CATEGORIA, ID_ESTADO) VALUES (7,'Camisa Tamarindo Sunset','Camiseta edición sunset rave',21000,2,1);
INSERT INTO FIDE_PRODUCTO_TB (ID_PRODUCTO, NOMBRE, DESCRIPCION, PRECIO, ID_CATEGORIA, ID_ESTADO) VALUES (8,'Camisa Warehouse Nights','Camiseta negra estilo techno industrial',22000,2,1);
INSERT INTO FIDE_PRODUCTO_TB (ID_PRODUCTO, NOMBRE, DESCRIPCION, PRECIO, ID_CATEGORIA, ID_ESTADO) VALUES (9,'Camisa Beat Nation','Camiseta oficial marca Beat Nation',19000,2,1);
INSERT INTO FIDE_PRODUCTO_TB (ID_PRODUCTO, NOMBRE, DESCRIPCION, PRECIO, ID_CATEGORIA, ID_ESTADO) VALUES (10,'Camisa Cartago Underground','Camiseta edición rave underground',23000,2,1);
INSERT INTO FIDE_PRODUCTO_TB (ID_PRODUCTO, NOMBRE, DESCRIPCION, PRECIO, ID_CATEGORIA, ID_ESTADO) VALUES (11,'Pulsera VIP','Pulsera VIP acceso backstage',5000,3,1);
INSERT INTO FIDE_PRODUCTO_TB (ID_PRODUCTO, NOMBRE, DESCRIPCION, PRECIO, ID_CATEGORIA, ID_ESTADO) VALUES (12,'Pulsera Neon Rave','Pulsera fluorescente rave',3500,3,1);
INSERT INTO FIDE_PRODUCTO_TB (ID_PRODUCTO, NOMBRE, DESCRIPCION, PRECIO, ID_CATEGORIA, ID_ESTADO) VALUES (13,'Pulsera Beat Nation','Pulsera oficial del evento',4000,3,1);
INSERT INTO FIDE_PRODUCTO_TB (ID_PRODUCTO, NOMBRE, DESCRIPCION, PRECIO, ID_CATEGORIA, ID_ESTADO) VALUES (14,'Pulsera Festival','Pulsera acceso general festival',3000,3,1);
INSERT INTO FIDE_PRODUCTO_TB (ID_PRODUCTO, NOMBRE, DESCRIPCION, PRECIO, ID_CATEGORIA, ID_ESTADO) VALUES (15,'Pulsera Techno','Pulsera temática techno',4500,3,1);
INSERT INTO FIDE_PRODUCTO_TB (ID_PRODUCTO, NOMBRE, DESCRIPCION, PRECIO, ID_CATEGORIA, ID_ESTADO) VALUES (16,'Sticker Techno Pack','Pack de 5 stickers techno',2500,4,1);
INSERT INTO FIDE_PRODUCTO_TB (ID_PRODUCTO, NOMBRE, DESCRIPCION, PRECIO, ID_CATEGORIA, ID_ESTADO) VALUES (17,'Sticker Beat Nation','Sticker logo Beat Nation',1500,4,1);
INSERT INTO FIDE_PRODUCTO_TB (ID_PRODUCTO, NOMBRE, DESCRIPCION, PRECIO, ID_CATEGORIA, ID_ESTADO) VALUES (18,'Sticker Bass Drop','Sticker edición Bass Drop',2000,4,1);
INSERT INTO FIDE_PRODUCTO_TB (ID_PRODUCTO, NOMBRE, DESCRIPCION, PRECIO, ID_CATEGORIA, ID_ESTADO) VALUES (19,'Sticker Sunset Rave','Sticker Tamarindo Sunset',2000,4,1);
INSERT INTO FIDE_PRODUCTO_TB (ID_PRODUCTO, NOMBRE, DESCRIPCION, PRECIO, ID_CATEGORIA, ID_ESTADO) VALUES (20,'Sticker Underground','Sticker rave underground',1800,4,1);
INSERT INTO FIDE_PRODUCTO_TB (ID_PRODUCTO, NOMBRE, DESCRIPCION, PRECIO, ID_CATEGORIA, ID_ESTADO) VALUES (21,'Hoodie Techno','Hoodie negro techno edition',35000,5,1);
INSERT INTO FIDE_PRODUCTO_TB (ID_PRODUCTO, NOMBRE, DESCRIPCION, PRECIO, ID_CATEGORIA, ID_ESTADO) VALUES (22,'Hoodie Beat Nation','Hoodie oficial Beat Nation',34000,5,1);
INSERT INTO FIDE_PRODUCTO_TB (ID_PRODUCTO, NOMBRE, DESCRIPCION, PRECIO, ID_CATEGORIA, ID_ESTADO) VALUES (23,'Hoodie Sunset Rave','Hoodie edición Tamarindo',36000,5,1);
INSERT INTO FIDE_PRODUCTO_TB (ID_PRODUCTO, NOMBRE, DESCRIPCION, PRECIO, ID_CATEGORIA, ID_ESTADO) VALUES (24,'Hoodie Underground','Hoodie edición Cartago rave',35500,5,1);
INSERT INTO FIDE_PRODUCTO_TB (ID_PRODUCTO, NOMBRE, DESCRIPCION, PRECIO, ID_CATEGORIA, ID_ESTADO) VALUES (25,'Hoodie Bass Festival','Hoodie edición festival',37000,5,1);
INSERT INTO FIDE_PRODUCTO_TB (ID_PRODUCTO, NOMBRE, DESCRIPCION, PRECIO, ID_CATEGORIA, ID_ESTADO) VALUES (26,'Bolso Festival','Bolso para eventos electrónicos',12000,6,1);
INSERT INTO FIDE_PRODUCTO_TB (ID_PRODUCTO, NOMBRE, DESCRIPCION, PRECIO, ID_CATEGORIA, ID_ESTADO) VALUES (27,'Bolso Beat Nation','Bolso oficial Beat Nation',13000,6,1);
INSERT INTO FIDE_PRODUCTO_TB (ID_PRODUCTO, NOMBRE, DESCRIPCION, PRECIO, ID_CATEGORIA, ID_ESTADO) VALUES (28,'Bolso Rave','Bolso pequeño rave',11000,6,1);
INSERT INTO FIDE_PRODUCTO_TB (ID_PRODUCTO, NOMBRE, DESCRIPCION, PRECIO, ID_CATEGORIA, ID_ESTADO) VALUES (29,'Bolso Tamarindo','Bolso edición playa',12500,6,1);
INSERT INTO FIDE_PRODUCTO_TB (ID_PRODUCTO, NOMBRE, DESCRIPCION, PRECIO, ID_CATEGORIA, ID_ESTADO) VALUES (30,'Bolso Underground','Bolso edición techno',13500,6,1);
INSERT INTO FIDE_PRODUCTO_TB (ID_PRODUCTO, NOMBRE, DESCRIPCION, PRECIO, ID_CATEGORIA, ID_ESTADO) VALUES (31,'Lanyard VIP','Lanyard para credencial VIP',4000,7,1);
INSERT INTO FIDE_PRODUCTO_TB (ID_PRODUCTO, NOMBRE, DESCRIPCION, PRECIO, ID_CATEGORIA, ID_ESTADO) VALUES (32,'Lanyard Beat Nation','Lanyard oficial evento',3500,7,1);
INSERT INTO FIDE_PRODUCTO_TB (ID_PRODUCTO, NOMBRE, DESCRIPCION, PRECIO, ID_CATEGORIA, ID_ESTADO) VALUES (33,'Lanyard Festival','Lanyard edición festival',3800,7,1);
INSERT INTO FIDE_PRODUCTO_TB (ID_PRODUCTO, NOMBRE, DESCRIPCION, PRECIO, ID_CATEGORIA, ID_ESTADO) VALUES (34,'Lanyard Techno','Lanyard temática techno',3600,7,1);
INSERT INTO FIDE_PRODUCTO_TB (ID_PRODUCTO, NOMBRE, DESCRIPCION, PRECIO, ID_CATEGORIA, ID_ESTADO) VALUES (35,'Lanyard Rave','Lanyard rave edition',3700,7,1);
INSERT INTO FIDE_PRODUCTO_TB (ID_PRODUCTO, NOMBRE, DESCRIPCION, PRECIO, ID_CATEGORIA, ID_ESTADO) VALUES (36,'Botella Festival','Botella reutilizable festival',9000,8,1);
INSERT INTO FIDE_PRODUCTO_TB (ID_PRODUCTO, NOMBRE, DESCRIPCION, PRECIO, ID_CATEGORIA, ID_ESTADO) VALUES (37,'Botella Beat Nation','Botella oficial marca',9500,8,1);
INSERT INTO FIDE_PRODUCTO_TB (ID_PRODUCTO, NOMBRE, DESCRIPCION, PRECIO, ID_CATEGORIA, ID_ESTADO) VALUES (38,'Botella Techno','Botella temática techno',9800,8,1);
INSERT INTO FIDE_PRODUCTO_TB (ID_PRODUCTO, NOMBRE, DESCRIPCION, PRECIO, ID_CATEGORIA, ID_ESTADO) VALUES (39,'Botella Sunset','Botella edición Tamarindo',10000,8,1);
INSERT INTO FIDE_PRODUCTO_TB (ID_PRODUCTO, NOMBRE, DESCRIPCION, PRECIO, ID_CATEGORIA, ID_ESTADO) VALUES (40,'Botella Bass','Botella edición Bass Festival',9700,8,1);
INSERT INTO FIDE_PRODUCTO_TB (ID_PRODUCTO, NOMBRE, DESCRIPCION, PRECIO, ID_CATEGORIA, ID_ESTADO) VALUES (41,'Pin Techno','Pin metálico techno',2000,9,1);
INSERT INTO FIDE_PRODUCTO_TB (ID_PRODUCTO, NOMBRE, DESCRIPCION, PRECIO, ID_CATEGORIA, ID_ESTADO) VALUES (42,'Pin Beat Nation','Pin logo Beat Nation',2200,9,1);
INSERT INTO FIDE_PRODUCTO_TB (ID_PRODUCTO, NOMBRE, DESCRIPCION, PRECIO, ID_CATEGORIA, ID_ESTADO) VALUES (43,'Pin Rave','Pin rave edition',2100,9,1);
INSERT INTO FIDE_PRODUCTO_TB (ID_PRODUCTO, NOMBRE, DESCRIPCION, PRECIO, ID_CATEGORIA, ID_ESTADO) VALUES (44,'Pin Bass Drop','Pin Bass Drop',2300,9,1);
INSERT INTO FIDE_PRODUCTO_TB (ID_PRODUCTO, NOMBRE, DESCRIPCION, PRECIO, ID_CATEGORIA, ID_ESTADO) VALUES (45,'Pin Sunset','Pin Tamarindo Sunset',2400,9,1);
INSERT INTO FIDE_PRODUCTO_TB (ID_PRODUCTO, NOMBRE, DESCRIPCION, PRECIO, ID_CATEGORIA, ID_ESTADO) VALUES (46,'Poster Jacó Bass','Poster oficial festival',8000,10,1);
INSERT INTO FIDE_PRODUCTO_TB (ID_PRODUCTO, NOMBRE, DESCRIPCION, PRECIO, ID_CATEGORIA, ID_ESTADO) VALUES (47,'Poster Tamarindo Sunset','Poster rave playa',8500,10,1);
INSERT INTO FIDE_PRODUCTO_TB (ID_PRODUCTO, NOMBRE, DESCRIPCION, PRECIO, ID_CATEGORIA, ID_ESTADO) VALUES (48,'Poster Beat Nation','Poster oficial Beat Nation',7500,10,1);
INSERT INTO FIDE_PRODUCTO_TB (ID_PRODUCTO, NOMBRE, DESCRIPCION, PRECIO, ID_CATEGORIA, ID_ESTADO) VALUES (49,'Poster Underground','Poster techno underground',8200,10,1);
INSERT INTO FIDE_PRODUCTO_TB (ID_PRODUCTO, NOMBRE, DESCRIPCION, PRECIO, ID_CATEGORIA, ID_ESTADO) VALUES (50,'Poster Warehouse Nights','Poster evento warehouse',8300,10,1);

INSERT INTO FIDE_INVENTARIO_TB (ID_INVENTARIO, ID_PRODUCTO, CANTIDAD, ID_ESTADO) VALUES (1,1,120,1);
INSERT INTO FIDE_INVENTARIO_TB (ID_INVENTARIO, ID_PRODUCTO, CANTIDAD, ID_ESTADO) VALUES (2,2,100,1);
INSERT INTO FIDE_INVENTARIO_TB (ID_INVENTARIO, ID_PRODUCTO, CANTIDAD, ID_ESTADO) VALUES (3,3,150,1);
INSERT INTO FIDE_INVENTARIO_TB (ID_INVENTARIO, ID_PRODUCTO, CANTIDAD, ID_ESTADO) VALUES (4,4,90,1);
INSERT INTO FIDE_INVENTARIO_TB (ID_INVENTARIO, ID_PRODUCTO, CANTIDAD, ID_ESTADO) VALUES (5,5,80,1);
INSERT INTO FIDE_INVENTARIO_TB (ID_INVENTARIO, ID_PRODUCTO, CANTIDAD, ID_ESTADO) VALUES (6,6,200,1);
INSERT INTO FIDE_INVENTARIO_TB (ID_INVENTARIO, ID_PRODUCTO, CANTIDAD, ID_ESTADO) VALUES (7,7,180,1);
INSERT INTO FIDE_INVENTARIO_TB (ID_INVENTARIO, ID_PRODUCTO, CANTIDAD, ID_ESTADO) VALUES (8,8,160,1);
INSERT INTO FIDE_INVENTARIO_TB (ID_INVENTARIO, ID_PRODUCTO, CANTIDAD, ID_ESTADO) VALUES (9,9,170,1);
INSERT INTO FIDE_INVENTARIO_TB (ID_INVENTARIO, ID_PRODUCTO, CANTIDAD, ID_ESTADO) VALUES (10,10,150,1);
INSERT INTO FIDE_INVENTARIO_TB (ID_INVENTARIO, ID_PRODUCTO, CANTIDAD, ID_ESTADO) VALUES (11,11,300,1);
INSERT INTO FIDE_INVENTARIO_TB (ID_INVENTARIO, ID_PRODUCTO, CANTIDAD, ID_ESTADO) VALUES (12,12,280,1);
INSERT INTO FIDE_INVENTARIO_TB (ID_INVENTARIO, ID_PRODUCTO, CANTIDAD, ID_ESTADO) VALUES (13,13,260,1);
INSERT INTO FIDE_INVENTARIO_TB (ID_INVENTARIO, ID_PRODUCTO, CANTIDAD, ID_ESTADO) VALUES (14,14,240,1);
INSERT INTO FIDE_INVENTARIO_TB (ID_INVENTARIO, ID_PRODUCTO, CANTIDAD, ID_ESTADO) VALUES (15,15,220,1);
INSERT INTO FIDE_INVENTARIO_TB (ID_INVENTARIO, ID_PRODUCTO, CANTIDAD, ID_ESTADO) VALUES (16,16,400,1);
INSERT INTO FIDE_INVENTARIO_TB (ID_INVENTARIO, ID_PRODUCTO, CANTIDAD, ID_ESTADO) VALUES (17,17,420,1);
INSERT INTO FIDE_INVENTARIO_TB (ID_INVENTARIO, ID_PRODUCTO, CANTIDAD, ID_ESTADO) VALUES (18,18,380,1);
INSERT INTO FIDE_INVENTARIO_TB (ID_INVENTARIO, ID_PRODUCTO, CANTIDAD, ID_ESTADO) VALUES (19,19,350,1);
INSERT INTO FIDE_INVENTARIO_TB (ID_INVENTARIO, ID_PRODUCTO, CANTIDAD, ID_ESTADO) VALUES (20,20,360,1);
INSERT INTO FIDE_INVENTARIO_TB (ID_INVENTARIO, ID_PRODUCTO, CANTIDAD, ID_ESTADO) VALUES (21,21,70,1);
INSERT INTO FIDE_INVENTARIO_TB (ID_INVENTARIO, ID_PRODUCTO, CANTIDAD, ID_ESTADO) VALUES (22,22,65,1);
INSERT INTO FIDE_INVENTARIO_TB (ID_INVENTARIO, ID_PRODUCTO, CANTIDAD, ID_ESTADO) VALUES (23,23,75,1);
INSERT INTO FIDE_INVENTARIO_TB (ID_INVENTARIO, ID_PRODUCTO, CANTIDAD, ID_ESTADO) VALUES (24,24,60,1);
INSERT INTO FIDE_INVENTARIO_TB (ID_INVENTARIO, ID_PRODUCTO, CANTIDAD, ID_ESTADO) VALUES (25,25,55,1);
INSERT INTO FIDE_INVENTARIO_TB (ID_INVENTARIO, ID_PRODUCTO, CANTIDAD, ID_ESTADO) VALUES (26,26,140,1);
INSERT INTO FIDE_INVENTARIO_TB (ID_INVENTARIO, ID_PRODUCTO, CANTIDAD, ID_ESTADO) VALUES (27,27,130,1);
INSERT INTO FIDE_INVENTARIO_TB (ID_INVENTARIO, ID_PRODUCTO, CANTIDAD, ID_ESTADO) VALUES (28,28,120,1);
INSERT INTO FIDE_INVENTARIO_TB (ID_INVENTARIO, ID_PRODUCTO, CANTIDAD, ID_ESTADO) VALUES (29,29,110,1);
INSERT INTO FIDE_INVENTARIO_TB (ID_INVENTARIO, ID_PRODUCTO, CANTIDAD, ID_ESTADO) VALUES (30,30,100,1);
INSERT INTO FIDE_INVENTARIO_TB (ID_INVENTARIO, ID_PRODUCTO, CANTIDAD, ID_ESTADO) VALUES (31,31,210,1);
INSERT INTO FIDE_INVENTARIO_TB (ID_INVENTARIO, ID_PRODUCTO, CANTIDAD, ID_ESTADO) VALUES (32,32,200,1);
INSERT INTO FIDE_INVENTARIO_TB (ID_INVENTARIO, ID_PRODUCTO, CANTIDAD, ID_ESTADO) VALUES (33,33,190,1);
INSERT INTO FIDE_INVENTARIO_TB (ID_INVENTARIO, ID_PRODUCTO, CANTIDAD, ID_ESTADO) VALUES (34,34,180,1);
INSERT INTO FIDE_INVENTARIO_TB (ID_INVENTARIO, ID_PRODUCTO, CANTIDAD, ID_ESTADO) VALUES (35,35,170,1);
INSERT INTO FIDE_INVENTARIO_TB (ID_INVENTARIO, ID_PRODUCTO, CANTIDAD, ID_ESTADO) VALUES (36,36,150,1);
INSERT INTO FIDE_INVENTARIO_TB (ID_INVENTARIO, ID_PRODUCTO, CANTIDAD, ID_ESTADO) VALUES (37,37,140,1);
INSERT INTO FIDE_INVENTARIO_TB (ID_INVENTARIO, ID_PRODUCTO, CANTIDAD, ID_ESTADO) VALUES (38,38,130,1);
INSERT INTO FIDE_INVENTARIO_TB (ID_INVENTARIO, ID_PRODUCTO, CANTIDAD, ID_ESTADO) VALUES (39,39,120,1);
INSERT INTO FIDE_INVENTARIO_TB (ID_INVENTARIO, ID_PRODUCTO, CANTIDAD, ID_ESTADO) VALUES (40,40,110,1);
INSERT INTO FIDE_INVENTARIO_TB (ID_INVENTARIO, ID_PRODUCTO, CANTIDAD, ID_ESTADO) VALUES (41,41,300,1);
INSERT INTO FIDE_INVENTARIO_TB (ID_INVENTARIO, ID_PRODUCTO, CANTIDAD, ID_ESTADO) VALUES (42,42,280,1);
INSERT INTO FIDE_INVENTARIO_TB (ID_INVENTARIO, ID_PRODUCTO, CANTIDAD, ID_ESTADO) VALUES (43,43,260,1);
INSERT INTO FIDE_INVENTARIO_TB (ID_INVENTARIO, ID_PRODUCTO, CANTIDAD, ID_ESTADO) VALUES (44,44,240,1);
INSERT INTO FIDE_INVENTARIO_TB (ID_INVENTARIO, ID_PRODUCTO, CANTIDAD, ID_ESTADO) VALUES (45,45,220,1);
INSERT INTO FIDE_INVENTARIO_TB (ID_INVENTARIO, ID_PRODUCTO, CANTIDAD, ID_ESTADO) VALUES (46,46,90,1);
INSERT INTO FIDE_INVENTARIO_TB (ID_INVENTARIO, ID_PRODUCTO, CANTIDAD, ID_ESTADO) VALUES (47,47,85,1);
INSERT INTO FIDE_INVENTARIO_TB (ID_INVENTARIO, ID_PRODUCTO, CANTIDAD, ID_ESTADO) VALUES (48,48,80,1);
INSERT INTO FIDE_INVENTARIO_TB (ID_INVENTARIO, ID_PRODUCTO, CANTIDAD, ID_ESTADO) VALUES (49,49,75,1);
INSERT INTO FIDE_INVENTARIO_TB (ID_INVENTARIO, ID_PRODUCTO, CANTIDAD, ID_ESTADO) VALUES (50,50,70,1);

INSERT INTO FIDE_TIPO_MOVIMIENTO_TB (ID_TIPO_MOVIMIENTO, NOMBRE, ID_ESTADO) VALUES (1,'Entrada de Inventario',1);
INSERT INTO FIDE_TIPO_MOVIMIENTO_TB (ID_TIPO_MOVIMIENTO, NOMBRE, ID_ESTADO) VALUES (2,'Salida por Venta',1);
INSERT INTO FIDE_TIPO_MOVIMIENTO_TB (ID_TIPO_MOVIMIENTO, NOMBRE, ID_ESTADO) VALUES (3,'Ajuste de Inventario',1);
INSERT INTO FIDE_TIPO_MOVIMIENTO_TB (ID_TIPO_MOVIMIENTO, NOMBRE, ID_ESTADO) VALUES (4,'Devolución',1);
INSERT INTO FIDE_TIPO_MOVIMIENTO_TB (ID_TIPO_MOVIMIENTO, NOMBRE, ID_ESTADO) VALUES (5,'Reserva de Producto',1);

INSERT INTO FIDE_MOVIMIENTO_INVENTARIO_TB (ID_MOVIMIENTO, ID_PRODUCTO, ID_TIPO_MOVIMIENTO, CANTIDAD, FECHA_MOVIMIENTO, ID_ESTADO) VALUES (1,1,1,50,SYSDATE,1);
INSERT INTO FIDE_MOVIMIENTO_INVENTARIO_TB (ID_MOVIMIENTO, ID_PRODUCTO, ID_TIPO_MOVIMIENTO, CANTIDAD, FECHA_MOVIMIENTO, ID_ESTADO) VALUES (2,2,1,40,SYSDATE,1);
INSERT INTO FIDE_MOVIMIENTO_INVENTARIO_TB (ID_MOVIMIENTO, ID_PRODUCTO, ID_TIPO_MOVIMIENTO, CANTIDAD, FECHA_MOVIMIENTO, ID_ESTADO) VALUES (3,3,1,60,SYSDATE,1);
INSERT INTO FIDE_MOVIMIENTO_INVENTARIO_TB (ID_MOVIMIENTO, ID_PRODUCTO, ID_TIPO_MOVIMIENTO, CANTIDAD, FECHA_MOVIMIENTO, ID_ESTADO) VALUES (4,4,1,30,SYSDATE,1);
INSERT INTO FIDE_MOVIMIENTO_INVENTARIO_TB (ID_MOVIMIENTO, ID_PRODUCTO, ID_TIPO_MOVIMIENTO, CANTIDAD, FECHA_MOVIMIENTO, ID_ESTADO) VALUES (5,5,1,25,SYSDATE,1);
INSERT INTO FIDE_MOVIMIENTO_INVENTARIO_TB (ID_MOVIMIENTO, ID_PRODUCTO, ID_TIPO_MOVIMIENTO, CANTIDAD, FECHA_MOVIMIENTO, ID_ESTADO) VALUES (6,6,2,5,SYSDATE,1);
INSERT INTO FIDE_MOVIMIENTO_INVENTARIO_TB (ID_MOVIMIENTO, ID_PRODUCTO, ID_TIPO_MOVIMIENTO, CANTIDAD, FECHA_MOVIMIENTO, ID_ESTADO) VALUES (7,7,2,3,SYSDATE,1);
INSERT INTO FIDE_MOVIMIENTO_INVENTARIO_TB (ID_MOVIMIENTO, ID_PRODUCTO, ID_TIPO_MOVIMIENTO, CANTIDAD, FECHA_MOVIMIENTO, ID_ESTADO) VALUES (8,8,2,4,SYSDATE,1);
INSERT INTO FIDE_MOVIMIENTO_INVENTARIO_TB (ID_MOVIMIENTO, ID_PRODUCTO, ID_TIPO_MOVIMIENTO, CANTIDAD, FECHA_MOVIMIENTO, ID_ESTADO) VALUES (9,9,2,6,SYSDATE,1);
INSERT INTO FIDE_MOVIMIENTO_INVENTARIO_TB (ID_MOVIMIENTO, ID_PRODUCTO, ID_TIPO_MOVIMIENTO, CANTIDAD, FECHA_MOVIMIENTO, ID_ESTADO) VALUES (10,10,2,2,SYSDATE,1);
INSERT INTO FIDE_MOVIMIENTO_INVENTARIO_TB (ID_MOVIMIENTO, ID_PRODUCTO, ID_TIPO_MOVIMIENTO, CANTIDAD, FECHA_MOVIMIENTO, ID_ESTADO) VALUES (11,11,2,10,SYSDATE,1);
INSERT INTO FIDE_MOVIMIENTO_INVENTARIO_TB (ID_MOVIMIENTO, ID_PRODUCTO, ID_TIPO_MOVIMIENTO, CANTIDAD, FECHA_MOVIMIENTO, ID_ESTADO) VALUES (12,12,2,8,SYSDATE,1);
INSERT INTO FIDE_MOVIMIENTO_INVENTARIO_TB (ID_MOVIMIENTO, ID_PRODUCTO, ID_TIPO_MOVIMIENTO, CANTIDAD, FECHA_MOVIMIENTO, ID_ESTADO) VALUES (13,13,2,7,SYSDATE,1);
INSERT INTO FIDE_MOVIMIENTO_INVENTARIO_TB (ID_MOVIMIENTO, ID_PRODUCTO, ID_TIPO_MOVIMIENTO, CANTIDAD, FECHA_MOVIMIENTO, ID_ESTADO) VALUES (14,14,2,6,SYSDATE,1);
INSERT INTO FIDE_MOVIMIENTO_INVENTARIO_TB (ID_MOVIMIENTO, ID_PRODUCTO, ID_TIPO_MOVIMIENTO, CANTIDAD, FECHA_MOVIMIENTO, ID_ESTADO) VALUES (15,15,2,5,SYSDATE,1);
INSERT INTO FIDE_MOVIMIENTO_INVENTARIO_TB (ID_MOVIMIENTO, ID_PRODUCTO, ID_TIPO_MOVIMIENTO, CANTIDAD, FECHA_MOVIMIENTO, ID_ESTADO) VALUES (16,16,2,12,SYSDATE,1);
INSERT INTO FIDE_MOVIMIENTO_INVENTARIO_TB (ID_MOVIMIENTO, ID_PRODUCTO, ID_TIPO_MOVIMIENTO, CANTIDAD, FECHA_MOVIMIENTO, ID_ESTADO) VALUES (17,17,2,10,SYSDATE,1);
INSERT INTO FIDE_MOVIMIENTO_INVENTARIO_TB (ID_MOVIMIENTO, ID_PRODUCTO, ID_TIPO_MOVIMIENTO, CANTIDAD, FECHA_MOVIMIENTO, ID_ESTADO) VALUES (18,18,2,9,SYSDATE,1);
INSERT INTO FIDE_MOVIMIENTO_INVENTARIO_TB (ID_MOVIMIENTO, ID_PRODUCTO, ID_TIPO_MOVIMIENTO, CANTIDAD, FECHA_MOVIMIENTO, ID_ESTADO) VALUES (19,19,2,8,SYSDATE,1);
INSERT INTO FIDE_MOVIMIENTO_INVENTARIO_TB (ID_MOVIMIENTO, ID_PRODUCTO, ID_TIPO_MOVIMIENTO, CANTIDAD, FECHA_MOVIMIENTO, ID_ESTADO) VALUES (20,20,2,6,SYSDATE,1);
INSERT INTO FIDE_MOVIMIENTO_INVENTARIO_TB (ID_MOVIMIENTO, ID_PRODUCTO, ID_TIPO_MOVIMIENTO, CANTIDAD, FECHA_MOVIMIENTO, ID_ESTADO) VALUES (21,21,3,2,SYSDATE,1);
INSERT INTO FIDE_MOVIMIENTO_INVENTARIO_TB (ID_MOVIMIENTO, ID_PRODUCTO, ID_TIPO_MOVIMIENTO, CANTIDAD, FECHA_MOVIMIENTO, ID_ESTADO) VALUES (22,22,3,1,SYSDATE,1);
INSERT INTO FIDE_MOVIMIENTO_INVENTARIO_TB (ID_MOVIMIENTO, ID_PRODUCTO, ID_TIPO_MOVIMIENTO, CANTIDAD, FECHA_MOVIMIENTO, ID_ESTADO) VALUES (23,23,3,2,SYSDATE,1);
INSERT INTO FIDE_MOVIMIENTO_INVENTARIO_TB (ID_MOVIMIENTO, ID_PRODUCTO, ID_TIPO_MOVIMIENTO, CANTIDAD, FECHA_MOVIMIENTO, ID_ESTADO) VALUES (24,24,3,1,SYSDATE,1);
INSERT INTO FIDE_MOVIMIENTO_INVENTARIO_TB (ID_MOVIMIENTO, ID_PRODUCTO, ID_TIPO_MOVIMIENTO, CANTIDAD, FECHA_MOVIMIENTO, ID_ESTADO) VALUES (25,25,3,2,SYSDATE,1);
INSERT INTO FIDE_MOVIMIENTO_INVENTARIO_TB (ID_MOVIMIENTO, ID_PRODUCTO, ID_TIPO_MOVIMIENTO, CANTIDAD, FECHA_MOVIMIENTO, ID_ESTADO) VALUES (26,26,2,4,SYSDATE,1);
INSERT INTO FIDE_MOVIMIENTO_INVENTARIO_TB (ID_MOVIMIENTO, ID_PRODUCTO, ID_TIPO_MOVIMIENTO, CANTIDAD, FECHA_MOVIMIENTO, ID_ESTADO) VALUES (27,27,2,3,SYSDATE,1);
INSERT INTO FIDE_MOVIMIENTO_INVENTARIO_TB (ID_MOVIMIENTO, ID_PRODUCTO, ID_TIPO_MOVIMIENTO, CANTIDAD, FECHA_MOVIMIENTO, ID_ESTADO) VALUES (28,28,2,2,SYSDATE,1);
INSERT INTO FIDE_MOVIMIENTO_INVENTARIO_TB (ID_MOVIMIENTO, ID_PRODUCTO, ID_TIPO_MOVIMIENTO, CANTIDAD, FECHA_MOVIMIENTO, ID_ESTADO) VALUES (29,29,2,5,SYSDATE,1);
INSERT INTO FIDE_MOVIMIENTO_INVENTARIO_TB (ID_MOVIMIENTO, ID_PRODUCTO, ID_TIPO_MOVIMIENTO, CANTIDAD, FECHA_MOVIMIENTO, ID_ESTADO) VALUES (30,30,2,6,SYSDATE,1);
INSERT INTO FIDE_MOVIMIENTO_INVENTARIO_TB (ID_MOVIMIENTO, ID_PRODUCTO, ID_TIPO_MOVIMIENTO, CANTIDAD, FECHA_MOVIMIENTO, ID_ESTADO) VALUES (31,31,2,7,SYSDATE,1);
INSERT INTO FIDE_MOVIMIENTO_INVENTARIO_TB (ID_MOVIMIENTO, ID_PRODUCTO, ID_TIPO_MOVIMIENTO, CANTIDAD, FECHA_MOVIMIENTO, ID_ESTADO) VALUES (32,32,2,8,SYSDATE,1);
INSERT INTO FIDE_MOVIMIENTO_INVENTARIO_TB (ID_MOVIMIENTO, ID_PRODUCTO, ID_TIPO_MOVIMIENTO, CANTIDAD, FECHA_MOVIMIENTO, ID_ESTADO) VALUES (33,33,2,6,SYSDATE,1);
INSERT INTO FIDE_MOVIMIENTO_INVENTARIO_TB (ID_MOVIMIENTO, ID_PRODUCTO, ID_TIPO_MOVIMIENTO, CANTIDAD, FECHA_MOVIMIENTO, ID_ESTADO) VALUES (34,34,2,5,SYSDATE,1);
INSERT INTO FIDE_MOVIMIENTO_INVENTARIO_TB (ID_MOVIMIENTO, ID_PRODUCTO, ID_TIPO_MOVIMIENTO, CANTIDAD, FECHA_MOVIMIENTO, ID_ESTADO) VALUES (35,35,2,4,SYSDATE,1);
INSERT INTO FIDE_MOVIMIENTO_INVENTARIO_TB (ID_MOVIMIENTO, ID_PRODUCTO, ID_TIPO_MOVIMIENTO, CANTIDAD, FECHA_MOVIMIENTO, ID_ESTADO) VALUES (36,36,2,3,SYSDATE,1);
INSERT INTO FIDE_MOVIMIENTO_INVENTARIO_TB (ID_MOVIMIENTO, ID_PRODUCTO, ID_TIPO_MOVIMIENTO, CANTIDAD, FECHA_MOVIMIENTO, ID_ESTADO) VALUES (37,37,2,4,SYSDATE,1);
INSERT INTO FIDE_MOVIMIENTO_INVENTARIO_TB (ID_MOVIMIENTO, ID_PRODUCTO, ID_TIPO_MOVIMIENTO, CANTIDAD, FECHA_MOVIMIENTO, ID_ESTADO) VALUES (38,38,2,2,SYSDATE,1);
INSERT INTO FIDE_MOVIMIENTO_INVENTARIO_TB (ID_MOVIMIENTO, ID_PRODUCTO, ID_TIPO_MOVIMIENTO, CANTIDAD, FECHA_MOVIMIENTO, ID_ESTADO) VALUES (39,39,2,3,SYSDATE,1);
INSERT INTO FIDE_MOVIMIENTO_INVENTARIO_TB (ID_MOVIMIENTO, ID_PRODUCTO, ID_TIPO_MOVIMIENTO, CANTIDAD, FECHA_MOVIMIENTO, ID_ESTADO) VALUES (40,40,2,4,SYSDATE,1);
INSERT INTO FIDE_MOVIMIENTO_INVENTARIO_TB (ID_MOVIMIENTO, ID_PRODUCTO, ID_TIPO_MOVIMIENTO, CANTIDAD, FECHA_MOVIMIENTO, ID_ESTADO) VALUES (41,41,2,10,SYSDATE,1);
INSERT INTO FIDE_MOVIMIENTO_INVENTARIO_TB (ID_MOVIMIENTO, ID_PRODUCTO, ID_TIPO_MOVIMIENTO, CANTIDAD, FECHA_MOVIMIENTO, ID_ESTADO) VALUES (42,42,2,9,SYSDATE,1);
INSERT INTO FIDE_MOVIMIENTO_INVENTARIO_TB (ID_MOVIMIENTO, ID_PRODUCTO, ID_TIPO_MOVIMIENTO, CANTIDAD, FECHA_MOVIMIENTO, ID_ESTADO) VALUES (43,43,2,8,SYSDATE,1);
INSERT INTO FIDE_MOVIMIENTO_INVENTARIO_TB (ID_MOVIMIENTO, ID_PRODUCTO, ID_TIPO_MOVIMIENTO, CANTIDAD, FECHA_MOVIMIENTO, ID_ESTADO) VALUES (44,44,2,7,SYSDATE,1);
INSERT INTO FIDE_MOVIMIENTO_INVENTARIO_TB (ID_MOVIMIENTO, ID_PRODUCTO, ID_TIPO_MOVIMIENTO, CANTIDAD, FECHA_MOVIMIENTO, ID_ESTADO) VALUES (45,45,2,6,SYSDATE,1);
INSERT INTO FIDE_MOVIMIENTO_INVENTARIO_TB (ID_MOVIMIENTO, ID_PRODUCTO, ID_TIPO_MOVIMIENTO, CANTIDAD, FECHA_MOVIMIENTO, ID_ESTADO) VALUES (46,46,4,2,SYSDATE,1);
INSERT INTO FIDE_MOVIMIENTO_INVENTARIO_TB (ID_MOVIMIENTO, ID_PRODUCTO, ID_TIPO_MOVIMIENTO, CANTIDAD, FECHA_MOVIMIENTO, ID_ESTADO) VALUES (47,47,4,1,SYSDATE,1);
INSERT INTO FIDE_MOVIMIENTO_INVENTARIO_TB (ID_MOVIMIENTO, ID_PRODUCTO, ID_TIPO_MOVIMIENTO, CANTIDAD, FECHA_MOVIMIENTO, ID_ESTADO) VALUES (48,48,4,2,SYSDATE,1);
INSERT INTO FIDE_MOVIMIENTO_INVENTARIO_TB (ID_MOVIMIENTO, ID_PRODUCTO, ID_TIPO_MOVIMIENTO, CANTIDAD, FECHA_MOVIMIENTO, ID_ESTADO) VALUES (49,49,4,1,SYSDATE,1);
INSERT INTO FIDE_MOVIMIENTO_INVENTARIO_TB (ID_MOVIMIENTO, ID_PRODUCTO, ID_TIPO_MOVIMIENTO, CANTIDAD, FECHA_MOVIMIENTO, ID_ESTADO) VALUES (50,50,4,1,SYSDATE,1);

INSERT INTO FIDE_VENTA_TB (ID_VENTA, ID_CUENTA, TOTAL_VENTA, FECHA_VENTA, ID_ESTADO) VALUES (1,1,20000,SYSDATE-15,1);
INSERT INTO FIDE_VENTA_TB (ID_VENTA, ID_CUENTA, TOTAL_VENTA, FECHA_VENTA, ID_ESTADO) VALUES (2,2,30000,SYSDATE-14,1);
INSERT INTO FIDE_VENTA_TB (ID_VENTA, ID_CUENTA, TOTAL_VENTA, FECHA_VENTA, ID_ESTADO) VALUES (3,3,15000,SYSDATE-13,1);
INSERT INTO FIDE_VENTA_TB (ID_VENTA, ID_CUENTA, TOTAL_VENTA, FECHA_VENTA, ID_ESTADO) VALUES (4,4,5000,SYSDATE-12,1);
INSERT INTO FIDE_VENTA_TB (ID_VENTA, ID_CUENTA, TOTAL_VENTA, FECHA_VENTA, ID_ESTADO) VALUES (5,5,35000,SYSDATE-11,1);
INSERT INTO FIDE_VENTA_TB (ID_VENTA, ID_CUENTA, TOTAL_VENTA, FECHA_VENTA, ID_ESTADO) VALUES (6,6,21000,SYSDATE-10,1);
INSERT INTO FIDE_VENTA_TB (ID_VENTA, ID_CUENTA, TOTAL_VENTA, FECHA_VENTA, ID_ESTADO) VALUES (7,7,16000,SYSDATE-9,1);
INSERT INTO FIDE_VENTA_TB (ID_VENTA, ID_CUENTA, TOTAL_VENTA, FECHA_VENTA, ID_ESTADO) VALUES (8,8,14000,SYSDATE-8,1);
INSERT INTO FIDE_VENTA_TB (ID_VENTA, ID_CUENTA, TOTAL_VENTA, FECHA_VENTA, ID_ESTADO) VALUES (9,9,4500,SYSDATE-7,1);
INSERT INTO FIDE_VENTA_TB (ID_VENTA, ID_CUENTA, TOTAL_VENTA, FECHA_VENTA, ID_ESTADO) VALUES (10,10,34000,SYSDATE-6,1);
INSERT INTO FIDE_VENTA_TB (ID_VENTA, ID_CUENTA, TOTAL_VENTA, FECHA_VENTA, ID_ESTADO) VALUES (11,11,44000,SYSDATE-5,1);
INSERT INTO FIDE_VENTA_TB (ID_VENTA, ID_CUENTA, TOTAL_VENTA, FECHA_VENTA, ID_ESTADO) VALUES (12,12,14000,SYSDATE-4,1);
INSERT INTO FIDE_VENTA_TB (ID_VENTA, ID_CUENTA, TOTAL_VENTA, FECHA_VENTA, ID_ESTADO) VALUES (13,13,8000,SYSDATE-3,1);
INSERT INTO FIDE_VENTA_TB (ID_VENTA, ID_CUENTA, TOTAL_VENTA, FECHA_VENTA, ID_ESTADO) VALUES (14,14,6000,SYSDATE-2,1);
INSERT INTO FIDE_VENTA_TB (ID_VENTA, ID_CUENTA, TOTAL_VENTA, FECHA_VENTA, ID_ESTADO) VALUES (15,15,36000,SYSDATE-1,1);
INSERT INTO FIDE_VENTA_TB (ID_VENTA, ID_CUENTA, TOTAL_VENTA, FECHA_VENTA, ID_ESTADO) VALUES (16,16,19000,SYSDATE,1);
INSERT INTO FIDE_VENTA_TB (ID_VENTA, ID_CUENTA, TOTAL_VENTA, FECHA_VENTA, ID_ESTADO) VALUES (17,17,15500,SYSDATE,1);
INSERT INTO FIDE_VENTA_TB (ID_VENTA, ID_CUENTA, TOTAL_VENTA, FECHA_VENTA, ID_ESTADO) VALUES (18,18,6000,SYSDATE,1);
INSERT INTO FIDE_VENTA_TB (ID_VENTA, ID_CUENTA, TOTAL_VENTA, FECHA_VENTA, ID_ESTADO) VALUES (19,19,6000,SYSDATE,1);
INSERT INTO FIDE_VENTA_TB (ID_VENTA, ID_CUENTA, TOTAL_VENTA, FECHA_VENTA, ID_ESTADO) VALUES (20,20,35500,SYSDATE,1);
INSERT INTO FIDE_VENTA_TB (ID_VENTA, ID_CUENTA, TOTAL_VENTA, FECHA_VENTA, ID_ESTADO) VALUES (21,21,46000,SYSDATE,1);
INSERT INTO FIDE_VENTA_TB (ID_VENTA, ID_CUENTA, TOTAL_VENTA, FECHA_VENTA, ID_ESTADO) VALUES (22,22,17000,SYSDATE,1);
INSERT INTO FIDE_VENTA_TB (ID_VENTA, ID_CUENTA, TOTAL_VENTA, FECHA_VENTA, ID_ESTADO) VALUES (23,23,13500,SYSDATE,1);
INSERT INTO FIDE_VENTA_TB (ID_VENTA, ID_CUENTA, TOTAL_VENTA, FECHA_VENTA, ID_ESTADO) VALUES (24,24,3600,SYSDATE,1);
INSERT INTO FIDE_VENTA_TB (ID_VENTA, ID_CUENTA, TOTAL_VENTA, FECHA_VENTA, ID_ESTADO) VALUES (25,25,37000,SYSDATE,1);
INSERT INTO FIDE_VENTA_TB (ID_VENTA, ID_CUENTA, TOTAL_VENTA, FECHA_VENTA, ID_ESTADO) VALUES (26,26,12000,SYSDATE,1);
INSERT INTO FIDE_VENTA_TB (ID_VENTA, ID_CUENTA, TOTAL_VENTA, FECHA_VENTA, ID_ESTADO) VALUES (27,27,26000,SYSDATE,1);
INSERT INTO FIDE_VENTA_TB (ID_VENTA, ID_CUENTA, TOTAL_VENTA, FECHA_VENTA, ID_ESTADO) VALUES (28,28,11000,SYSDATE,1);
INSERT INTO FIDE_VENTA_TB (ID_VENTA, ID_CUENTA, TOTAL_VENTA, FECHA_VENTA, ID_ESTADO) VALUES (29,29,12500,SYSDATE,1);
INSERT INTO FIDE_VENTA_TB (ID_VENTA, ID_CUENTA, TOTAL_VENTA, FECHA_VENTA, ID_ESTADO) VALUES (30,30,27000,SYSDATE,1);
INSERT INTO FIDE_VENTA_TB (ID_VENTA, ID_CUENTA, TOTAL_VENTA, FECHA_VENTA, ID_ESTADO) VALUES (31,31,8000,SYSDATE,1);
INSERT INTO FIDE_VENTA_TB (ID_VENTA, ID_CUENTA, TOTAL_VENTA, FECHA_VENTA, ID_ESTADO) VALUES (32,32,3500,SYSDATE,1);
INSERT INTO FIDE_VENTA_TB (ID_VENTA, ID_CUENTA, TOTAL_VENTA, FECHA_VENTA, ID_ESTADO) VALUES (33,33,3800,SYSDATE,1);
INSERT INTO FIDE_VENTA_TB (ID_VENTA, ID_CUENTA, TOTAL_VENTA, FECHA_VENTA, ID_ESTADO) VALUES (34,34,7200,SYSDATE,1);
INSERT INTO FIDE_VENTA_TB (ID_VENTA, ID_CUENTA, TOTAL_VENTA, FECHA_VENTA, ID_ESTADO) VALUES (35,35,3700,SYSDATE,1);
INSERT INTO FIDE_VENTA_TB (ID_VENTA, ID_CUENTA, TOTAL_VENTA, FECHA_VENTA, ID_ESTADO) VALUES (36,36,9000,SYSDATE,1);
INSERT INTO FIDE_VENTA_TB (ID_VENTA, ID_CUENTA, TOTAL_VENTA, FECHA_VENTA, ID_ESTADO) VALUES (37,37,19000,SYSDATE,1);
INSERT INTO FIDE_VENTA_TB (ID_VENTA, ID_CUENTA, TOTAL_VENTA, FECHA_VENTA, ID_ESTADO) VALUES (38,38,9800,SYSDATE,1);
INSERT INTO FIDE_VENTA_TB (ID_VENTA, ID_CUENTA, TOTAL_VENTA, FECHA_VENTA, ID_ESTADO) VALUES (39,39,10000,SYSDATE,1);
INSERT INTO FIDE_VENTA_TB (ID_VENTA, ID_CUENTA, TOTAL_VENTA, FECHA_VENTA, ID_ESTADO) VALUES (40,40,9700,SYSDATE,1);
INSERT INTO FIDE_VENTA_TB (ID_VENTA, ID_CUENTA, TOTAL_VENTA, FECHA_VENTA, ID_ESTADO) VALUES (41,41,6000,SYSDATE,1);
INSERT INTO FIDE_VENTA_TB (ID_VENTA, ID_CUENTA, TOTAL_VENTA, FECHA_VENTA, ID_ESTADO) VALUES (42,42,4400,SYSDATE,1);
INSERT INTO FIDE_VENTA_TB (ID_VENTA, ID_CUENTA, TOTAL_VENTA, FECHA_VENTA, ID_ESTADO) VALUES (43,43,2100,SYSDATE,1);
INSERT INTO FIDE_VENTA_TB (ID_VENTA, ID_CUENTA, TOTAL_VENTA, FECHA_VENTA, ID_ESTADO) VALUES (44,44,2300,SYSDATE,1);
INSERT INTO FIDE_VENTA_TB (ID_VENTA, ID_CUENTA, TOTAL_VENTA, FECHA_VENTA, ID_ESTADO) VALUES (45,45,4800,SYSDATE,1);
INSERT INTO FIDE_VENTA_TB (ID_VENTA, ID_CUENTA, TOTAL_VENTA, FECHA_VENTA, ID_ESTADO) VALUES (46,46,8000,SYSDATE,1);
INSERT INTO FIDE_VENTA_TB (ID_VENTA, ID_CUENTA, TOTAL_VENTA, FECHA_VENTA, ID_ESTADO) VALUES (47,47,8500,SYSDATE,1);
INSERT INTO FIDE_VENTA_TB (ID_VENTA, ID_CUENTA, TOTAL_VENTA, FECHA_VENTA, ID_ESTADO) VALUES (48,48,7500,SYSDATE,1);
INSERT INTO FIDE_VENTA_TB (ID_VENTA, ID_CUENTA, TOTAL_VENTA, FECHA_VENTA, ID_ESTADO) VALUES (49,49,8200,SYSDATE,1);
INSERT INTO FIDE_VENTA_TB (ID_VENTA, ID_CUENTA, TOTAL_VENTA, FECHA_VENTA, ID_ESTADO) VALUES (50,50,8300,SYSDATE,1);

INSERT INTO FIDE_VENTA_PRODUCTO_TB (ID_VENTA, ID_PRODUCTO, ID_TIPO_MOVIMIENTO, CANTIDAD, TOTAL, ID_ESTADO) VALUES (1,6,2,1,20000,1);
INSERT INTO FIDE_VENTA_PRODUCTO_TB (ID_VENTA, ID_PRODUCTO, ID_TIPO_MOVIMIENTO, CANTIDAD, TOTAL, ID_ESTADO) VALUES (2,1,2,2,30000,1);
INSERT INTO FIDE_VENTA_PRODUCTO_TB (ID_VENTA, ID_PRODUCTO, ID_TIPO_MOVIMIENTO, CANTIDAD, TOTAL, ID_ESTADO) VALUES (3,11,2,3,15000,1);
INSERT INTO FIDE_VENTA_PRODUCTO_TB (ID_VENTA, ID_PRODUCTO, ID_TIPO_MOVIMIENTO, CANTIDAD, TOTAL, ID_ESTADO) VALUES (4,16,2,2,5000,1);
INSERT INTO FIDE_VENTA_PRODUCTO_TB (ID_VENTA, ID_PRODUCTO, ID_TIPO_MOVIMIENTO, CANTIDAD, TOTAL, ID_ESTADO) VALUES (5,21,2,1,35000,1);
INSERT INTO FIDE_VENTA_PRODUCTO_TB (ID_VENTA, ID_PRODUCTO, ID_TIPO_MOVIMIENTO, CANTIDAD, TOTAL, ID_ESTADO) VALUES (6,7,2,1,21000,1);
INSERT INTO FIDE_VENTA_PRODUCTO_TB (ID_VENTA, ID_PRODUCTO, ID_TIPO_MOVIMIENTO, CANTIDAD, TOTAL, ID_ESTADO) VALUES (7,2,2,1,16000,1);
INSERT INTO FIDE_VENTA_PRODUCTO_TB (ID_VENTA, ID_PRODUCTO, ID_TIPO_MOVIMIENTO, CANTIDAD, TOTAL, ID_ESTADO) VALUES (8,12,2,4,14000,1);
INSERT INTO FIDE_VENTA_PRODUCTO_TB (ID_VENTA, ID_PRODUCTO, ID_TIPO_MOVIMIENTO, CANTIDAD, TOTAL, ID_ESTADO) VALUES (9,17,2,3,4500,1);
INSERT INTO FIDE_VENTA_PRODUCTO_TB (ID_VENTA, ID_PRODUCTO, ID_TIPO_MOVIMIENTO, CANTIDAD, TOTAL, ID_ESTADO) VALUES (10,22,2,1,34000,1);
INSERT INTO FIDE_VENTA_PRODUCTO_TB (ID_VENTA, ID_PRODUCTO, ID_TIPO_MOVIMIENTO, CANTIDAD, TOTAL, ID_ESTADO) VALUES (11,8,2,2,44000,1);
INSERT INTO FIDE_VENTA_PRODUCTO_TB (ID_VENTA, ID_PRODUCTO, ID_TIPO_MOVIMIENTO, CANTIDAD, TOTAL, ID_ESTADO) VALUES (12,3,2,1,14000,1);
INSERT INTO FIDE_VENTA_PRODUCTO_TB (ID_VENTA, ID_PRODUCTO, ID_TIPO_MOVIMIENTO, CANTIDAD, TOTAL, ID_ESTADO) VALUES (13,13,2,2,8000,1);
INSERT INTO FIDE_VENTA_PRODUCTO_TB (ID_VENTA, ID_PRODUCTO, ID_TIPO_MOVIMIENTO, CANTIDAD, TOTAL, ID_ESTADO) VALUES (14,18,2,3,6000,1);
INSERT INTO FIDE_VENTA_PRODUCTO_TB (ID_VENTA, ID_PRODUCTO, ID_TIPO_MOVIMIENTO, CANTIDAD, TOTAL, ID_ESTADO) VALUES (15,23,2,1,36000,1);
INSERT INTO FIDE_VENTA_PRODUCTO_TB (ID_VENTA, ID_PRODUCTO, ID_TIPO_MOVIMIENTO, CANTIDAD, TOTAL, ID_ESTADO) VALUES (16,9,2,1,19000,1);
INSERT INTO FIDE_VENTA_PRODUCTO_TB (ID_VENTA, ID_PRODUCTO, ID_TIPO_MOVIMIENTO, CANTIDAD, TOTAL, ID_ESTADO) VALUES (17,4,2,1,15500,1);
INSERT INTO FIDE_VENTA_PRODUCTO_TB (ID_VENTA, ID_PRODUCTO, ID_TIPO_MOVIMIENTO, CANTIDAD, TOTAL, ID_ESTADO) VALUES (18,14,2,2,6000,1);
INSERT INTO FIDE_VENTA_PRODUCTO_TB (ID_VENTA, ID_PRODUCTO, ID_TIPO_MOVIMIENTO, CANTIDAD, TOTAL, ID_ESTADO) VALUES (19,19,2,3,6000,1);
INSERT INTO FIDE_VENTA_PRODUCTO_TB (ID_VENTA, ID_PRODUCTO, ID_TIPO_MOVIMIENTO, CANTIDAD, TOTAL, ID_ESTADO) VALUES (20,24,2,1,35500,1);
INSERT INTO FIDE_VENTA_PRODUCTO_TB (ID_VENTA, ID_PRODUCTO, ID_TIPO_MOVIMIENTO, CANTIDAD, TOTAL, ID_ESTADO) VALUES (21,10,2,2,46000,1);
INSERT INTO FIDE_VENTA_PRODUCTO_TB (ID_VENTA, ID_PRODUCTO, ID_TIPO_MOVIMIENTO, CANTIDAD, TOTAL, ID_ESTADO) VALUES (22,5,2,1,17000,1);
INSERT INTO FIDE_VENTA_PRODUCTO_TB (ID_VENTA, ID_PRODUCTO, ID_TIPO_MOVIMIENTO, CANTIDAD, TOTAL, ID_ESTADO) VALUES (23,15,2,3,13500,1);
INSERT INTO FIDE_VENTA_PRODUCTO_TB (ID_VENTA, ID_PRODUCTO, ID_TIPO_MOVIMIENTO, CANTIDAD, TOTAL, ID_ESTADO) VALUES (24,20,2,2,3600,1);
INSERT INTO FIDE_VENTA_PRODUCTO_TB (ID_VENTA, ID_PRODUCTO, ID_TIPO_MOVIMIENTO, CANTIDAD, TOTAL, ID_ESTADO) VALUES (25,25,2,1,37000,1);
INSERT INTO FIDE_VENTA_PRODUCTO_TB (ID_VENTA, ID_PRODUCTO, ID_TIPO_MOVIMIENTO, CANTIDAD, TOTAL, ID_ESTADO) VALUES (26,26,2,1,12000,1);
INSERT INTO FIDE_VENTA_PRODUCTO_TB (ID_VENTA, ID_PRODUCTO, ID_TIPO_MOVIMIENTO, CANTIDAD, TOTAL, ID_ESTADO) VALUES (27,27,2,2,26000,1);
INSERT INTO FIDE_VENTA_PRODUCTO_TB (ID_VENTA, ID_PRODUCTO, ID_TIPO_MOVIMIENTO, CANTIDAD, TOTAL, ID_ESTADO) VALUES (28,28,2,1,11000,1);
INSERT INTO FIDE_VENTA_PRODUCTO_TB (ID_VENTA, ID_PRODUCTO, ID_TIPO_MOVIMIENTO, CANTIDAD, TOTAL, ID_ESTADO) VALUES (29,29,2,1,12500,1);
INSERT INTO FIDE_VENTA_PRODUCTO_TB (ID_VENTA, ID_PRODUCTO, ID_TIPO_MOVIMIENTO, CANTIDAD, TOTAL, ID_ESTADO) VALUES (30,30,2,2,27000,1);
INSERT INTO FIDE_VENTA_PRODUCTO_TB (ID_VENTA, ID_PRODUCTO, ID_TIPO_MOVIMIENTO, CANTIDAD, TOTAL, ID_ESTADO) VALUES (31,31,2,2,8000,1);
INSERT INTO FIDE_VENTA_PRODUCTO_TB (ID_VENTA, ID_PRODUCTO, ID_TIPO_MOVIMIENTO, CANTIDAD, TOTAL, ID_ESTADO) VALUES (32,32,2,1,3500,1);
INSERT INTO FIDE_VENTA_PRODUCTO_TB (ID_VENTA, ID_PRODUCTO, ID_TIPO_MOVIMIENTO, CANTIDAD, TOTAL, ID_ESTADO) VALUES (33,33,2,1,3800,1);
INSERT INTO FIDE_VENTA_PRODUCTO_TB (ID_VENTA, ID_PRODUCTO, ID_TIPO_MOVIMIENTO, CANTIDAD, TOTAL, ID_ESTADO) VALUES (34,34,2,2,7200,1);
INSERT INTO FIDE_VENTA_PRODUCTO_TB (ID_VENTA, ID_PRODUCTO, ID_TIPO_MOVIMIENTO, CANTIDAD, TOTAL, ID_ESTADO) VALUES (35,35,2,1,3700,1);
INSERT INTO FIDE_VENTA_PRODUCTO_TB (ID_VENTA, ID_PRODUCTO, ID_TIPO_MOVIMIENTO, CANTIDAD, TOTAL, ID_ESTADO) VALUES (36,36,2,1,9000,1);
INSERT INTO FIDE_VENTA_PRODUCTO_TB (ID_VENTA, ID_PRODUCTO, ID_TIPO_MOVIMIENTO, CANTIDAD, TOTAL, ID_ESTADO) VALUES (37,37,2,2,19000,1);
INSERT INTO FIDE_VENTA_PRODUCTO_TB (ID_VENTA, ID_PRODUCTO, ID_TIPO_MOVIMIENTO, CANTIDAD, TOTAL, ID_ESTADO) VALUES (38,38,2,1,9800,1);
INSERT INTO FIDE_VENTA_PRODUCTO_TB (ID_VENTA, ID_PRODUCTO, ID_TIPO_MOVIMIENTO, CANTIDAD, TOTAL, ID_ESTADO) VALUES (39,39,2,1,10000,1);
INSERT INTO FIDE_VENTA_PRODUCTO_TB (ID_VENTA, ID_PRODUCTO, ID_TIPO_MOVIMIENTO, CANTIDAD, TOTAL, ID_ESTADO) VALUES (40,40,2,1,9700,1);
INSERT INTO FIDE_VENTA_PRODUCTO_TB (ID_VENTA, ID_PRODUCTO, ID_TIPO_MOVIMIENTO, CANTIDAD, TOTAL, ID_ESTADO) VALUES (41,41,2,3,6000,1);
INSERT INTO FIDE_VENTA_PRODUCTO_TB (ID_VENTA, ID_PRODUCTO, ID_TIPO_MOVIMIENTO, CANTIDAD, TOTAL, ID_ESTADO) VALUES (42,42,2,2,4400,1);
INSERT INTO FIDE_VENTA_PRODUCTO_TB (ID_VENTA, ID_PRODUCTO, ID_TIPO_MOVIMIENTO, CANTIDAD, TOTAL, ID_ESTADO) VALUES (43,43,2,1,2100,1);
INSERT INTO FIDE_VENTA_PRODUCTO_TB (ID_VENTA, ID_PRODUCTO, ID_TIPO_MOVIMIENTO, CANTIDAD, TOTAL, ID_ESTADO) VALUES (44,44,2,1,2300,1);
INSERT INTO FIDE_VENTA_PRODUCTO_TB (ID_VENTA, ID_PRODUCTO, ID_TIPO_MOVIMIENTO, CANTIDAD, TOTAL, ID_ESTADO) VALUES (45,45,2,2,4800,1);
INSERT INTO FIDE_VENTA_PRODUCTO_TB (ID_VENTA, ID_PRODUCTO, ID_TIPO_MOVIMIENTO, CANTIDAD, TOTAL, ID_ESTADO) VALUES (46,46,2,1,8000,1);
INSERT INTO FIDE_VENTA_PRODUCTO_TB (ID_VENTA, ID_PRODUCTO, ID_TIPO_MOVIMIENTO, CANTIDAD, TOTAL, ID_ESTADO) VALUES (47,47,2,1,8500,1);
INSERT INTO FIDE_VENTA_PRODUCTO_TB (ID_VENTA, ID_PRODUCTO, ID_TIPO_MOVIMIENTO, CANTIDAD, TOTAL, ID_ESTADO) VALUES (48,48,2,1,7500,1);
INSERT INTO FIDE_VENTA_PRODUCTO_TB (ID_VENTA, ID_PRODUCTO, ID_TIPO_MOVIMIENTO, CANTIDAD, TOTAL, ID_ESTADO) VALUES (49,49,2,1,8200,1);
INSERT INTO FIDE_VENTA_PRODUCTO_TB (ID_VENTA, ID_PRODUCTO, ID_TIPO_MOVIMIENTO, CANTIDAD, TOTAL, ID_ESTADO) VALUES (50,50,2,1,8300,1);

INSERT INTO FIDE_EVENTO_TB (ID_EVENTO, TITULO, DESCRIPCION, FECHA_EVENTO, ID_DIRECCION, FLYER_URL, PRECIO, ID_ESTADO) VALUES (1,'Jacó Bass Festival','Festival de música electrónica frente a la playa con DJs internacionales de bass house y techno.', TO_DATE('2026-07-18','YYYY-MM-DD'), 28, 'https://eventoscr.com/flyers/jaco_bass.jpg', 25000, 1);
INSERT INTO FIDE_EVENTO_TB (ID_EVENTO, TITULO, DESCRIPCION, FECHA_EVENTO, ID_DIRECCION, FLYER_URL, PRECIO, ID_ESTADO) VALUES (2,'Tamarindo Sunset Rave', 'Evento sunset rave con música house y techno al atardecer en Tamarindo.', TO_DATE('2026-08-10','YYYY-MM-DD'), 29, 'https://eventoscr.com/flyers/tamarindo_sunset.jpg', 22000, 1);
INSERT INTO FIDE_EVENTO_TB (ID_EVENTO, TITULO, DESCRIPCION, FECHA_EVENTO, ID_DIRECCION, FLYER_URL, PRECIO, ID_ESTADO) VALUES (3,'San Jose Warehouse Nights', 'Fiesta electrónica underground en un warehouse con DJs locales.', TO_DATE('2026-06-21','YYYY-MM-DD'), 1, 'https://eventoscr.com/flyers/warehouse_nights.jpg', 15000, 1); 
INSERT INTO FIDE_EVENTO_TB (ID_EVENTO, TITULO, DESCRIPCION, FECHA_EVENTO, ID_DIRECCION, FLYER_URL, PRECIO, ID_ESTADO) VALUES (4,'Cartago Underground Techno', 'Evento techno underground con visuales y sonido industrial.', TO_DATE('2026-09-12','YYYY-MM-DD'), 22, 'https://eventoscr.com/flyers/cartago_techno.jpg', 18000, 1); 
INSERT INTO FIDE_EVENTO_TB (ID_EVENTO, TITULO, DESCRIPCION, FECHA_EVENTO, ID_DIRECCION, FLYER_URL, PRECIO, ID_ESTADO) VALUES (5,'Beat Nation Festival', 'Festival nacional de música electrónica con múltiples escenarios.', TO_DATE('2026-11-05','YYYY-MM-DD'), 11, 'https://eventoscr.com/flyers/beat_nation.jpg', 30000, 1);
INSERT INTO FIDE_EVENTO_TB (ID_EVENTO, TITULO, DESCRIPCION, FECHA_EVENTO, ID_DIRECCION, FLYER_URL, PRECIO, ID_ESTADO) VALUES (6,'Electro Jungle Experience', 'Evento electrónico en ambiente natural con techno y melodic house.', TO_DATE('2026-10-03','YYYY-MM-DD'), 30, 'https://eventoscr.com/flyers/electro_jungle.jpg', 20000, 1);
INSERT INTO FIDE_EVENTO_TB (ID_EVENTO, TITULO, DESCRIPCION, FECHA_EVENTO, ID_DIRECCION, FLYER_URL, PRECIO, ID_ESTADO) VALUES (7,'Bass Drop Party', 'Fiesta electrónica con DJs especializados en bass music.', TO_DATE('2026-07-02','YYYY-MM-DD'), 14, 'https://eventoscr.com/flyers/bass_drop.jpg', 17000, 1);
INSERT INTO FIDE_EVENTO_TB (ID_EVENTO, TITULO, DESCRIPCION, FECHA_EVENTO, ID_DIRECCION, FLYER_URL, PRECIO, ID_ESTADO) VALUES (8,'Neon Rave San Pedro', 'Rave temática neon con música EDM y electro house.', TO_DATE('2026-05-20','YYYY-MM-DD'), 15, 'https://eventoscr.com/flyers/neon_rave.jpg', 16000, 1);
INSERT INTO FIDE_EVENTO_TB (ID_EVENTO, TITULO, DESCRIPCION, FECHA_EVENTO, ID_DIRECCION, FLYER_URL, PRECIO, ID_ESTADO) VALUES (9,'Pacific Techno Night', 'Noche techno frente al océano con DJs internacionales.', TO_DATE('2026-08-22','YYYY-MM-DD'), 28, 'https://eventoscr.com/flyers/pacific_techno.jpg', 26000, 1);
INSERT INTO FIDE_EVENTO_TB (ID_EVENTO, TITULO, DESCRIPCION, FECHA_EVENTO, ID_DIRECCION, FLYER_URL, PRECIO, ID_ESTADO) VALUES (10,'Underground Cartago Rave', 'Rave underground con DJs nacionales de techno y minimal.',  TO_DATE('2026-09-28','YYYY-MM-DD'), 23, 'https://eventoscr.com/flyers/cartago_rave.jpg', 19000, 1);

INSERT INTO FIDE_TIPO_CONTENIDO_TB (ID_TIPO_CONTENIDO, NOMBRE, ID_ESTADO) VALUES (1,'Flyer Promocional',1);
INSERT INTO FIDE_TIPO_CONTENIDO_TB (ID_TIPO_CONTENIDO, NOMBRE, ID_ESTADO) VALUES (2,'Video Promocional',1);
INSERT INTO FIDE_TIPO_CONTENIDO_TB (ID_TIPO_CONTENIDO, NOMBRE, ID_ESTADO) VALUES (3,'Galería de Fotos',1);
INSERT INTO FIDE_TIPO_CONTENIDO_TB (ID_TIPO_CONTENIDO, NOMBRE, ID_ESTADO) VALUES (4,'Aftermovie',1);
INSERT INTO FIDE_TIPO_CONTENIDO_TB (ID_TIPO_CONTENIDO, NOMBRE, ID_ESTADO) VALUES (5,'Reel para Redes Sociales',1);

COMMIT;

INSERT INTO FIDE_CONTENIDO_TB (ID_CONTENIDO, ID_EVENTO, ID_TIPO_CONTENIDO, TITULO, DESCRIPCION, URL, ID_ESTADO) VALUES(1,1,1,'Flyer Oficial Jacó Bass Festival','Flyer promocional del festival Jacó Bass Festival 2026.','https://eventoscr.com/contenido/jaco_flyer.jpg',1);
INSERT INTO FIDE_CONTENIDO_TB (ID_CONTENIDO, ID_EVENTO, ID_TIPO_CONTENIDO, TITULO, DESCRIPCION, URL, ID_ESTADO) VALUES (2,1,2,'Teaser Video Jacó Bass','Video teaser promocional del festival con escenas de DJs y público.','https://eventoscr.com/contenido/jaco_teaser.mp4',1);
INSERT INTO FIDE_CONTENIDO_TB (ID_CONTENIDO, ID_EVENTO, ID_TIPO_CONTENIDO, TITULO, DESCRIPCION, URL, ID_ESTADO) VALUES (3,2,1,'Flyer Tamarindo Sunset Rave','Flyer oficial del evento Tamarindo Sunset Rave.','https://eventoscr.com/contenido/tamarindo_flyer.jpg',1);
INSERT INTO FIDE_CONTENIDO_TB (ID_CONTENIDO, ID_EVENTO, ID_TIPO_CONTENIDO, TITULO, DESCRIPCION, URL, ID_ESTADO) VALUES (4,2,5,'Reel Tamarindo Sunset', 'Reel promocional para redes sociales mostrando el atardecer y la fiesta.', 'https://eventoscr.com/contenido/tamarindo_reel.mp4', 1);
INSERT INTO FIDE_CONTENIDO_TB (ID_CONTENIDO, ID_EVENTO, ID_TIPO_CONTENIDO, TITULO, DESCRIPCION, URL, ID_ESTADO) VALUES (5,3,1,'Flyer Warehouse Nights', 'Flyer del evento underground Warehouse Nights en San José.', 'https://eventoscr.com/contenido/warehouse_flyer.jpg', 1);
INSERT INTO FIDE_CONTENIDO_TB (ID_CONTENIDO, ID_EVENTO, ID_TIPO_CONTENIDO, TITULO, DESCRIPCION, URL, ID_ESTADO) VALUES (6,4,2,'Video Promo Cartago Techno','Video promocional del evento Cartago Underground Techno.','https://eventoscr.com/contenido/cartago_video.mp4',1);
INSERT INTO FIDE_CONTENIDO_TB (ID_CONTENIDO, ID_EVENTO, ID_TIPO_CONTENIDO, TITULO, DESCRIPCION, URL, ID_ESTADO) VALUES (7,5,1,'Flyer Beat Nation Festival', 'Flyer oficial del festival Beat Nation Costa Rica.', 'https://eventoscr.com/contenido/beatnation_flyer.jpg', 1);
INSERT INTO FIDE_CONTENIDO_TB (ID_CONTENIDO, ID_EVENTO, ID_TIPO_CONTENIDO, TITULO, DESCRIPCION, URL, ID_ESTADO) VALUES (8 ,6,3,'Galería Electro Jungle', 'Galería de fotos promocionales del evento Electro Jungle Experience.', 'https://eventoscr.com/contenido/electrojungle_galeria', 1);
INSERT INTO FIDE_CONTENIDO_TB (ID_CONTENIDO, ID_EVENTO, ID_TIPO_CONTENIDO, TITULO, DESCRIPCION, URL, ID_ESTADO) VALUES (9,7 ,5,'Reel Bass Drop Party', 'Reel promocional para redes sociales del evento Bass Drop Party.', 'https://eventoscr.com/contenido/bassdrop_reel.mp4', 1);
INSERT INTO FIDE_CONTENIDO_TB (ID_CONTENIDO, ID_EVENTO, ID_TIPO_CONTENIDO, TITULO, DESCRIPCION, URL, ID_ESTADO) VALUES (10,8,4,'Aftermovie Neon Rave', 'Aftermovie oficial del evento Neon Rave San Pedro.', 'https://eventoscr.com/contenido/neon_aftermovie.mp4', 1);

INSERT INTO FIDE_TIPO_TICKET_TB (ID_TIPO_TICKET, NOMBRE, ID_ESTADO) VALUES (1,'Entrada General',1);
INSERT INTO FIDE_TIPO_TICKET_TB (ID_TIPO_TICKET, NOMBRE, ID_ESTADO) VALUES (2,'VIP',1);
INSERT INTO FIDE_TIPO_TICKET_TB (ID_TIPO_TICKET, NOMBRE, ID_ESTADO) VALUES (3,'Backstage',1);
INSERT INTO FIDE_TIPO_TICKET_TB (ID_TIPO_TICKET, NOMBRE, ID_ESTADO) VALUES (4,'Early Bird',1);
INSERT INTO FIDE_TIPO_TICKET_TB (ID_TIPO_TICKET, NOMBRE, ID_ESTADO) VALUES (5,'Sunset Pass',1);

INSERT INTO FIDE_EVENTO_TICKET (ID_EVENTO_TICKET, ID_EVENTO, ID_TIPO_TICKET, PRECIO, CUPOS_TOTALES, CUPOS_DISPONIBLES, CUPOS_VENDIDOS, FECHA_INICIO, FECHA_FIN, ID_ESTADO) VALUES (1,1,4,18000,300,250,50,TO_DATE('2026-05-01','YYYY-MM-DD'),TO_DATE('2026-06-15','YYYY-MM-DD'),1);
INSERT INTO FIDE_EVENTO_TICKET (ID_EVENTO_TICKET, ID_EVENTO, ID_TIPO_TICKET, PRECIO, CUPOS_TOTALES, CUPOS_DISPONIBLES, CUPOS_VENDIDOS, FECHA_INICIO, FECHA_FIN, ID_ESTADO) VALUES (2,1,1,25000,500,420,80,TO_DATE('2026-06-16','YYYY-MM-DD'),TO_DATE('2026-07-17','YYYY-MM-DD'),1);
INSERT INTO FIDE_EVENTO_TICKET (ID_EVENTO_TICKET, ID_EVENTO, ID_TIPO_TICKET, PRECIO, CUPOS_TOTALES, CUPOS_DISPONIBLES, CUPOS_VENDIDOS, FECHA_INICIO, FECHA_FIN, ID_ESTADO) VALUES (3,1,2,35000,150,120,30,TO_DATE('2026-06-16','YYYY-MM-DD'),TO_DATE('2026-07-17','YYYY-MM-DD'),1);
INSERT INTO FIDE_EVENTO_TICKET (ID_EVENTO_TICKET, ID_EVENTO, ID_TIPO_TICKET, PRECIO, CUPOS_TOTALES, CUPOS_DISPONIBLES, CUPOS_VENDIDOS, FECHA_INICIO, FECHA_FIN, ID_ESTADO) VALUES (4,2,4,17000,250,210,40,TO_DATE('2026-05-15','YYYY-MM-DD'),TO_DATE('2026-07-01','YYYY-MM-DD'),1);
INSERT INTO FIDE_EVENTO_TICKET (ID_EVENTO_TICKET, ID_EVENTO, ID_TIPO_TICKET, PRECIO, CUPOS_TOTALES, CUPOS_DISPONIBLES, CUPOS_VENDIDOS, FECHA_INICIO, FECHA_FIN, ID_ESTADO) VALUES (5,2,1,22000,400,350,50,TO_DATE('2026-07-02','YYYY-MM-DD'),TO_DATE('2026-08-09','YYYY-MM-DD'),1);
INSERT INTO FIDE_EVENTO_TICKET (ID_EVENTO_TICKET, ID_EVENTO, ID_TIPO_TICKET, PRECIO, CUPOS_TOTALES, CUPOS_DISPONIBLES, CUPOS_VENDIDOS, FECHA_INICIO, FECHA_FIN, ID_ESTADO) VALUES (6,2,5,28000,120,90,30,TO_DATE('2026-07-02','YYYY-MM-DD'),TO_DATE('2026-08-09','YYYY-MM-DD'),1);
INSERT INTO FIDE_EVENTO_TICKET (ID_EVENTO_TICKET, ID_EVENTO, ID_TIPO_TICKET, PRECIO, CUPOS_TOTALES, CUPOS_DISPONIBLES, CUPOS_VENDIDOS, FECHA_INICIO, FECHA_FIN, ID_ESTADO) VALUES (7,3,1,15000,350,300,50,TO_DATE('2026-04-20','YYYY-MM-DD'),TO_DATE('2026-06-20','YYYY-MM-DD'),1);
INSERT INTO FIDE_EVENTO_TICKET (ID_EVENTO_TICKET, ID_EVENTO, ID_TIPO_TICKET, PRECIO, CUPOS_TOTALES, CUPOS_DISPONIBLES, CUPOS_VENDIDOS, FECHA_INICIO, FECHA_FIN, ID_ESTADO) VALUES (8,3,2,22000,120,100,20,TO_DATE('2026-04-20','YYYY-MM-DD'),TO_DATE('2026-06-20','YYYY-MM-DD'),1);
INSERT INTO FIDE_EVENTO_TICKET (ID_EVENTO_TICKET, ID_EVENTO, ID_TIPO_TICKET, PRECIO, CUPOS_TOTALES, CUPOS_DISPONIBLES, CUPOS_VENDIDOS, FECHA_INICIO, FECHA_FIN, ID_ESTADO) VALUES (9,4,1,18000,300,260,40,TO_DATE('2026-06-01','YYYY-MM-DD'),TO_DATE('2026-09-11','YYYY-MM-DD'),1);
INSERT INTO FIDE_EVENTO_TICKET (ID_EVENTO_TICKET, ID_EVENTO, ID_TIPO_TICKET, PRECIO, CUPOS_TOTALES, CUPOS_DISPONIBLES, CUPOS_VENDIDOS, FECHA_INICIO, FECHA_FIN, ID_ESTADO) VALUES (10,4,3,30000,80,60,20,TO_DATE('2026-06-01','YYYY-MM-DD'),TO_DATE('2026-09-11','YYYY-MM-DD'),1);
INSERT INTO FIDE_EVENTO_TICKET (ID_EVENTO_TICKET, ID_EVENTO, ID_TIPO_TICKET, PRECIO, CUPOS_TOTALES, CUPOS_DISPONIBLES, CUPOS_VENDIDOS, FECHA_INICIO, FECHA_FIN, ID_ESTADO) VALUES (11,5,4,20000,400,350,50,TO_DATE('2026-06-10','YYYY-MM-DD'),TO_DATE('2026-09-01','YYYY-MM-DD'),1);
INSERT INTO FIDE_EVENTO_TICKET (ID_EVENTO_TICKET, ID_EVENTO, ID_TIPO_TICKET, PRECIO, CUPOS_TOTALES, CUPOS_DISPONIBLES, CUPOS_VENDIDOS, FECHA_INICIO, FECHA_FIN, ID_ESTADO) VALUES (12,5,1,30000,600,520,80,TO_DATE('2026-09-02','YYYY-MM-DD'),TO_DATE('2026-11-04','YYYY-MM-DD'),1);
INSERT INTO FIDE_EVENTO_TICKET (ID_EVENTO_TICKET, ID_EVENTO, ID_TIPO_TICKET, PRECIO, CUPOS_TOTALES, CUPOS_DISPONIBLES, CUPOS_VENDIDOS, FECHA_INICIO, FECHA_FIN, ID_ESTADO) VALUES (13,5,2,45000,200,170,30,TO_DATE('2026-09-02','YYYY-MM-DD'),TO_DATE('2026-11-04','YYYY-MM-DD'),1);
INSERT INTO FIDE_EVENTO_TICKET (ID_EVENTO_TICKET, ID_EVENTO, ID_TIPO_TICKET, PRECIO, CUPOS_TOTALES, CUPOS_DISPONIBLES, CUPOS_VENDIDOS, FECHA_INICIO, FECHA_FIN, ID_ESTADO) VALUES (14,6,1,20000,350,310,40,TO_DATE('2026-07-01','YYYY-MM-DD'),TO_DATE('2026-10-02','YYYY-MM-DD'),1);
INSERT INTO FIDE_EVENTO_TICKET (ID_EVENTO_TICKET, ID_EVENTO, ID_TIPO_TICKET, PRECIO, CUPOS_TOTALES, CUPOS_DISPONIBLES, CUPOS_VENDIDOS, FECHA_INICIO, FECHA_FIN, ID_ESTADO) VALUES (15,6,2,32000,120,90,30,TO_DATE('2026-07-01','YYYY-MM-DD'),TO_DATE('2026-10-02','YYYY-MM-DD'),1);
INSERT INTO FIDE_EVENTO_TICKET (ID_EVENTO_TICKET, ID_EVENTO, ID_TIPO_TICKET, PRECIO, CUPOS_TOTALES, CUPOS_DISPONIBLES, CUPOS_VENDIDOS, FECHA_INICIO, FECHA_FIN, ID_ESTADO) VALUES (16,7,1,17000,250,220,30,TO_DATE('2026-05-20','YYYY-MM-DD'),TO_DATE('2026-07-01','YYYY-MM-DD'),1);
INSERT INTO FIDE_EVENTO_TICKET (ID_EVENTO_TICKET, ID_EVENTO, ID_TIPO_TICKET, PRECIO, CUPOS_TOTALES, CUPOS_DISPONIBLES, CUPOS_VENDIDOS, FECHA_INICIO, FECHA_FIN, ID_ESTADO) VALUES (17,7,2,26000,100,80,20,TO_DATE('2026-05-20','YYYY-MM-DD'),TO_DATE('2026-07-01','YYYY-MM-DD'),1);
INSERT INTO FIDE_EVENTO_TICKET (ID_EVENTO_TICKET, ID_EVENTO, ID_TIPO_TICKET, PRECIO, CUPOS_TOTALES, CUPOS_DISPONIBLES, CUPOS_VENDIDOS, FECHA_INICIO, FECHA_FIN, ID_ESTADO) VALUES (18,8,1,16000,300,260,40,TO_DATE('2026-04-15','YYYY-MM-DD'),TO_DATE('2026-05-19','YYYY-MM-DD'),1);
INSERT INTO FIDE_EVENTO_TICKET (ID_EVENTO_TICKET, ID_EVENTO, ID_TIPO_TICKET, PRECIO, CUPOS_TOTALES, CUPOS_DISPONIBLES, CUPOS_VENDIDOS, FECHA_INICIO, FECHA_FIN, ID_ESTADO) VALUES (19,8,2,24000,120,100,20,TO_DATE('2026-04-15','YYYY-MM-DD'),TO_DATE('2026-05-19','YYYY-MM-DD'),1);
INSERT INTO FIDE_EVENTO_TICKET (ID_EVENTO_TICKET, ID_EVENTO, ID_TIPO_TICKET, PRECIO, CUPOS_TOTALES, CUPOS_DISPONIBLES, CUPOS_VENDIDOS, FECHA_INICIO, FECHA_FIN, ID_ESTADO) VALUES (20,9,1,26000,350,300,50,TO_DATE('2026-06-20','YYYY-MM-DD'),TO_DATE('2026-08-21','YYYY-MM-DD'),1);
INSERT INTO FIDE_EVENTO_TICKET (ID_EVENTO_TICKET, ID_EVENTO, ID_TIPO_TICKET, PRECIO, CUPOS_TOTALES, CUPOS_DISPONIBLES, CUPOS_VENDIDOS, FECHA_INICIO, FECHA_FIN, ID_ESTADO) VALUES (21,9,3,38000,100,75,25,TO_DATE('2026-06-20','YYYY-MM-DD'),TO_DATE('2026-08-21','YYYY-MM-DD'),1);
INSERT INTO FIDE_EVENTO_TICKET (ID_EVENTO_TICKET, ID_EVENTO, ID_TIPO_TICKET, PRECIO, CUPOS_TOTALES, CUPOS_DISPONIBLES, CUPOS_VENDIDOS, FECHA_INICIO, FECHA_FIN, ID_ESTADO) VALUES (22,10,1,19000,280,240,40,TO_DATE('2026-07-15','YYYY-MM-DD'),TO_DATE('2026-09-27','YYYY-MM-DD'),1);
INSERT INTO FIDE_EVENTO_TICKET (ID_EVENTO_TICKET, ID_EVENTO, ID_TIPO_TICKET, PRECIO, CUPOS_TOTALES, CUPOS_DISPONIBLES, CUPOS_VENDIDOS, FECHA_INICIO, FECHA_FIN, ID_ESTADO) VALUES (23,10,2,28000,110,90,20,TO_DATE('2026-07-15','YYYY-MM-DD'),TO_DATE('2026-09-27','YYYY-MM-DD'),1);

INSERT INTO FIDE_TICKET_TB (ID_TICKET, ID_EVENTO_TICKET, ID_CUENTA, CODIGO_QR, FECHA_GENERACION, ID_ESTADO) VALUES (1,1,1,'QR_JACO_0001',SYSDATE,1);
INSERT INTO FIDE_TICKET_TB (ID_TICKET, ID_EVENTO_TICKET, ID_CUENTA, CODIGO_QR, FECHA_GENERACION, ID_ESTADO) VALUES (2,1,2,'QR_JACO_0002',SYSDATE,1);
INSERT INTO FIDE_TICKET_TB (ID_TICKET, ID_EVENTO_TICKET, ID_CUENTA, CODIGO_QR, FECHA_GENERACION, ID_ESTADO) VALUES (3,2,3,'QR_JACO_0003',SYSDATE,1);
INSERT INTO FIDE_TICKET_TB (ID_TICKET, ID_EVENTO_TICKET, ID_CUENTA, CODIGO_QR, FECHA_GENERACION, ID_ESTADO) VALUES (4,2,4,'QR_JACO_0004',SYSDATE,1);
INSERT INTO FIDE_TICKET_TB (ID_TICKET, ID_EVENTO_TICKET, ID_CUENTA, CODIGO_QR, FECHA_GENERACION, ID_ESTADO) VALUES (5,3,5,'QR_JACO_VIP_0005',SYSDATE,1);
INSERT INTO FIDE_TICKET_TB (ID_TICKET, ID_EVENTO_TICKET, ID_CUENTA, CODIGO_QR, FECHA_GENERACION, ID_ESTADO) VALUES (6,4,6,'QR_TAM_0006',SYSDATE,1);
INSERT INTO FIDE_TICKET_TB (ID_TICKET, ID_EVENTO_TICKET, ID_CUENTA, CODIGO_QR, FECHA_GENERACION, ID_ESTADO) VALUES (7,4,7,'QR_TAM_0007',SYSDATE,1);
INSERT INTO FIDE_TICKET_TB (ID_TICKET, ID_EVENTO_TICKET, ID_CUENTA, CODIGO_QR, FECHA_GENERACION, ID_ESTADO) VALUES (8,5,8,'QR_TAM_0008',SYSDATE,1);
INSERT INTO FIDE_TICKET_TB (ID_TICKET, ID_EVENTO_TICKET, ID_CUENTA, CODIGO_QR, FECHA_GENERACION, ID_ESTADO) VALUES (9,5,9,'QR_TAM_0009',SYSDATE,1);
INSERT INTO FIDE_TICKET_TB (ID_TICKET, ID_EVENTO_TICKET, ID_CUENTA, CODIGO_QR, FECHA_GENERACION, ID_ESTADO) VALUES (10,6,10,'QR_TAM_SUN_0010',SYSDATE,1);
INSERT INTO FIDE_TICKET_TB (ID_TICKET, ID_EVENTO_TICKET, ID_CUENTA, CODIGO_QR, FECHA_GENERACION, ID_ESTADO) VALUES (11,7,11,'QR_WARE_0011',SYSDATE,1);
INSERT INTO FIDE_TICKET_TB (ID_TICKET, ID_EVENTO_TICKET, ID_CUENTA, CODIGO_QR, FECHA_GENERACION, ID_ESTADO) VALUES (12,7,12,'QR_WARE_0012',SYSDATE,1);
INSERT INTO FIDE_TICKET_TB (ID_TICKET, ID_EVENTO_TICKET, ID_CUENTA, CODIGO_QR, FECHA_GENERACION, ID_ESTADO) VALUES (13,8,13,'QR_WARE_VIP_0013',SYSDATE,1);
INSERT INTO FIDE_TICKET_TB (ID_TICKET, ID_EVENTO_TICKET, ID_CUENTA, CODIGO_QR, FECHA_GENERACION, ID_ESTADO) VALUES (14,9,14,'QR_CARTAGO_0014',SYSDATE,1);
INSERT INTO FIDE_TICKET_TB (ID_TICKET, ID_EVENTO_TICKET, ID_CUENTA, CODIGO_QR, FECHA_GENERACION, ID_ESTADO) VALUES (15,9,15,'QR_CARTAGO_0015',SYSDATE,1);
INSERT INTO FIDE_TICKET_TB (ID_TICKET, ID_EVENTO_TICKET, ID_CUENTA, CODIGO_QR, FECHA_GENERACION, ID_ESTADO) VALUES (16,10,16,'QR_CARTAGO_BS_0016',SYSDATE,1);
INSERT INTO FIDE_TICKET_TB (ID_TICKET, ID_EVENTO_TICKET, ID_CUENTA, CODIGO_QR, FECHA_GENERACION, ID_ESTADO) VALUES (17,11,17,'QR_BEAT_0017',SYSDATE,1);
INSERT INTO FIDE_TICKET_TB (ID_TICKET, ID_EVENTO_TICKET, ID_CUENTA, CODIGO_QR, FECHA_GENERACION, ID_ESTADO) VALUES (18,11,18,'QR_BEAT_0018',SYSDATE,1);
INSERT INTO FIDE_TICKET_TB (ID_TICKET, ID_EVENTO_TICKET, ID_CUENTA, CODIGO_QR, FECHA_GENERACION, ID_ESTADO) VALUES (19,12,19,'QR_BEAT_0019',SYSDATE,1);
INSERT INTO FIDE_TICKET_TB (ID_TICKET, ID_EVENTO_TICKET, ID_CUENTA, CODIGO_QR, FECHA_GENERACION, ID_ESTADO) VALUES (20,13,20,'QR_BEAT_VIP_0020',SYSDATE,1);
INSERT INTO FIDE_TICKET_TB (ID_TICKET, ID_EVENTO_TICKET, ID_CUENTA, CODIGO_QR, FECHA_GENERACION, ID_ESTADO) VALUES (21,14,21,'QR_JUNGLE_0021',SYSDATE,1);
INSERT INTO FIDE_TICKET_TB (ID_TICKET, ID_EVENTO_TICKET, ID_CUENTA, CODIGO_QR, FECHA_GENERACION, ID_ESTADO) VALUES (22,14,22,'QR_JUNGLE_0022',SYSDATE,1);
INSERT INTO FIDE_TICKET_TB (ID_TICKET, ID_EVENTO_TICKET, ID_CUENTA, CODIGO_QR, FECHA_GENERACION, ID_ESTADO) VALUES (23,15,23,'QR_JUNGLE_VIP_0023',SYSDATE,1);
INSERT INTO FIDE_TICKET_TB (ID_TICKET, ID_EVENTO_TICKET, ID_CUENTA, CODIGO_QR, FECHA_GENERACION, ID_ESTADO) VALUES (24,16,24,'QR_BASS_0024',SYSDATE,1);
INSERT INTO FIDE_TICKET_TB (ID_TICKET, ID_EVENTO_TICKET, ID_CUENTA, CODIGO_QR, FECHA_GENERACION, ID_ESTADO) VALUES (25,16,25,'QR_BASS_0025',SYSDATE,1);
INSERT INTO FIDE_TICKET_TB (ID_TICKET, ID_EVENTO_TICKET, ID_CUENTA, CODIGO_QR, FECHA_GENERACION, ID_ESTADO) VALUES (26,17,26,'QR_BASS_VIP_0026',SYSDATE,1);
INSERT INTO FIDE_TICKET_TB (ID_TICKET, ID_EVENTO_TICKET, ID_CUENTA, CODIGO_QR, FECHA_GENERACION, ID_ESTADO) VALUES (27,18,27,'QR_NEON_0027',SYSDATE,1);
INSERT INTO FIDE_TICKET_TB (ID_TICKET, ID_EVENTO_TICKET, ID_CUENTA, CODIGO_QR, FECHA_GENERACION, ID_ESTADO) VALUES (28,18,28,'QR_NEON_0028',SYSDATE,1);
INSERT INTO FIDE_TICKET_TB (ID_TICKET, ID_EVENTO_TICKET, ID_CUENTA, CODIGO_QR, FECHA_GENERACION, ID_ESTADO) VALUES (29,19,29,'QR_NEON_VIP_0029',SYSDATE,1);
INSERT INTO FIDE_TICKET_TB (ID_TICKET, ID_EVENTO_TICKET, ID_CUENTA, CODIGO_QR, FECHA_GENERACION, ID_ESTADO) VALUES (30,20,30,'QR_PACIFIC_0030',SYSDATE,1);

INSERT INTO FIDE_MONEDA_TB (ID_MONEDA, NOMBRE, SIMBOLO, ID_ESTADO) VALUES (1,'Colón Costarricense','₡',1);
INSERT INTO FIDE_MONEDA_TB (ID_MONEDA, NOMBRE, SIMBOLO, ID_ESTADO) VALUES (2,'Dólar Estadounidense','$',1);

-- Fechas distribuidas entre particiones para facilitar pruebas y partition pruning.
INSERT INTO FIDE_FACTURA_TB (ID_FACTURA, ID_MONEDA, IMPUESTO, SUBTOTAL, TOTAL, FECHA_FACTURA, ID_ESTADO) VALUES (1,1,2600,20000,22600,TO_DATE('2022-03-15','YYYY-MM-DD'),1);
INSERT INTO FIDE_FACTURA_TB (ID_FACTURA, ID_MONEDA, IMPUESTO, SUBTOTAL, TOTAL, FECHA_FACTURA, ID_ESTADO) VALUES (2,1,1950,15000,16950,TO_DATE('2022-05-10','YYYY-MM-DD'),1);
INSERT INTO FIDE_FACTURA_TB (ID_FACTURA, ID_MONEDA, IMPUESTO, SUBTOTAL, TOTAL, FECHA_FACTURA, ID_ESTADO) VALUES (3,1,3900,30000,33900,TO_DATE('2022-08-21','YYYY-MM-DD'),1);
INSERT INTO FIDE_FACTURA_TB (ID_FACTURA, ID_MONEDA, IMPUESTO, SUBTOTAL, TOTAL, FECHA_FACTURA, ID_ESTADO) VALUES (4,1,2340,18000,20340,TO_DATE('2022-10-05','YYYY-MM-DD'),1);
INSERT INTO FIDE_FACTURA_TB (ID_FACTURA, ID_MONEDA, IMPUESTO, SUBTOTAL, TOTAL, FECHA_FACTURA, ID_ESTADO) VALUES (5,1,3250,25000,28250,TO_DATE('2022-12-18','YYYY-MM-DD'),1);
INSERT INTO FIDE_FACTURA_TB (ID_FACTURA, ID_MONEDA, IMPUESTO, SUBTOTAL, TOTAL, FECHA_FACTURA, ID_ESTADO) VALUES (6,2,3.25,25,28.25,TO_DATE('2023-01-19','YYYY-MM-DD'),1);
INSERT INTO FIDE_FACTURA_TB (ID_FACTURA, ID_MONEDA, IMPUESTO, SUBTOTAL, TOTAL, FECHA_FACTURA, ID_ESTADO) VALUES (7,2,4.55,35,39.55,TO_DATE('2023-03-22','YYYY-MM-DD'),1);
INSERT INTO FIDE_FACTURA_TB (ID_FACTURA, ID_MONEDA, IMPUESTO, SUBTOTAL, TOTAL, FECHA_FACTURA, ID_ESTADO) VALUES (8,2,2.60,20,22.60,TO_DATE('2023-06-08','YYYY-MM-DD'),1);
INSERT INTO FIDE_FACTURA_TB (ID_FACTURA, ID_MONEDA, IMPUESTO, SUBTOTAL, TOTAL, FECHA_FACTURA, ID_ESTADO) VALUES (9,2,5.20,40,45.20,TO_DATE('2023-09-14','YYYY-MM-DD'),1);
INSERT INTO FIDE_FACTURA_TB (ID_FACTURA, ID_MONEDA, IMPUESTO, SUBTOTAL, TOTAL, FECHA_FACTURA, ID_ESTADO) VALUES (10,2,6.50,50,56.50,TO_DATE('2023-11-30','YYYY-MM-DD'),1);

INSERT INTO FIDE_VENTA_FACTURA_TB (ID_VENTA, ID_FACTURA, ID_ESTADO) VALUES (1,1,1);
INSERT INTO FIDE_VENTA_FACTURA_TB (ID_VENTA, ID_FACTURA, ID_ESTADO) VALUES (2,2,1);
INSERT INTO FIDE_VENTA_FACTURA_TB (ID_VENTA, ID_FACTURA, ID_ESTADO) VALUES (3,3,1);
INSERT INTO FIDE_VENTA_FACTURA_TB (ID_VENTA, ID_FACTURA, ID_ESTADO) VALUES (4,4,1);
INSERT INTO FIDE_VENTA_FACTURA_TB (ID_VENTA, ID_FACTURA, ID_ESTADO) VALUES (5,5,1);
INSERT INTO FIDE_VENTA_FACTURA_TB (ID_VENTA, ID_FACTURA, ID_ESTADO) VALUES (6,6,1);
INSERT INTO FIDE_VENTA_FACTURA_TB (ID_VENTA, ID_FACTURA, ID_ESTADO) VALUES (7,7,1);
INSERT INTO FIDE_VENTA_FACTURA_TB (ID_VENTA, ID_FACTURA, ID_ESTADO) VALUES (8,8,1);
INSERT INTO FIDE_VENTA_FACTURA_TB (ID_VENTA, ID_FACTURA, ID_ESTADO) VALUES (9,9,1);
INSERT INTO FIDE_VENTA_FACTURA_TB (ID_VENTA, ID_FACTURA, ID_ESTADO) VALUES (10,10,1);

INSERT INTO FIDE_TICKET_FACTURA_TB (ID_TICKET, ID_FACTURA, ID_ESTADO) VALUES (1,1,1);
INSERT INTO FIDE_TICKET_FACTURA_TB (ID_TICKET, ID_FACTURA, ID_ESTADO) VALUES (2,2,1);
INSERT INTO FIDE_TICKET_FACTURA_TB (ID_TICKET, ID_FACTURA, ID_ESTADO) VALUES (3,3,1);
INSERT INTO FIDE_TICKET_FACTURA_TB (ID_TICKET, ID_FACTURA, ID_ESTADO) VALUES (4,4,1);
INSERT INTO FIDE_TICKET_FACTURA_TB (ID_TICKET, ID_FACTURA, ID_ESTADO) VALUES (5,5,1);
INSERT INTO FIDE_TICKET_FACTURA_TB (ID_TICKET, ID_FACTURA, ID_ESTADO) VALUES (6,6,1);
INSERT INTO FIDE_TICKET_FACTURA_TB (ID_TICKET, ID_FACTURA, ID_ESTADO) VALUES (7,7,1);
INSERT INTO FIDE_TICKET_FACTURA_TB (ID_TICKET, ID_FACTURA, ID_ESTADO) VALUES (8,8,1);
INSERT INTO FIDE_TICKET_FACTURA_TB (ID_TICKET, ID_FACTURA, ID_ESTADO) VALUES (9,9,1);
INSERT INTO FIDE_TICKET_FACTURA_TB (ID_TICKET, ID_FACTURA, ID_ESTADO) VALUES (10,10,1);

INSERT INTO FIDE_PAGO_PAYPAL_TB (ID_PAGO, ID_FACTURA, PAYPAL_ORDER_ID, PAYPAL_CAPTURE_ID, FECHA_PAGO, ID_ESTADO) VALUES (1,6,'PAYPAL_ORDER_1001','PAYPAL_CAPTURE_2001',SYSDATE-10,1);
INSERT INTO FIDE_PAGO_PAYPAL_TB (ID_PAGO, ID_FACTURA, PAYPAL_ORDER_ID, PAYPAL_CAPTURE_ID, FECHA_PAGO, ID_ESTADO) VALUES (2,7,'PAYPAL_ORDER_1002','PAYPAL_CAPTURE_2002',SYSDATE-9,1);
INSERT INTO FIDE_PAGO_PAYPAL_TB (ID_PAGO, ID_FACTURA, PAYPAL_ORDER_ID, PAYPAL_CAPTURE_ID, FECHA_PAGO, ID_ESTADO) VALUES (3,8,'PAYPAL_ORDER_1003','PAYPAL_CAPTURE_2003',SYSDATE-8,1);
INSERT INTO FIDE_PAGO_PAYPAL_TB (ID_PAGO, ID_FACTURA, PAYPAL_ORDER_ID, PAYPAL_CAPTURE_ID, FECHA_PAGO, ID_ESTADO) VALUES (4,9,'PAYPAL_ORDER_1004','PAYPAL_CAPTURE_2004',SYSDATE-7,1);
INSERT INTO FIDE_PAGO_PAYPAL_TB (ID_PAGO, ID_FACTURA, PAYPAL_ORDER_ID, PAYPAL_CAPTURE_ID, FECHA_PAGO, ID_ESTADO) VALUES (5,10,'PAYPAL_ORDER_1005','PAYPAL_CAPTURE_2005',SYSDATE-6,1);
INSERT INTO FIDE_PAGO_PAYPAL_TB (ID_PAGO, ID_FACTURA, PAYPAL_ORDER_ID, PAYPAL_CAPTURE_ID, FECHA_PAGO, ID_ESTADO) VALUES (6,5,'PAYPAL_ORDER_1006','PAYPAL_CAPTURE_2006',SYSDATE-5,1);
INSERT INTO FIDE_PAGO_PAYPAL_TB (ID_PAGO, ID_FACTURA, PAYPAL_ORDER_ID, PAYPAL_CAPTURE_ID, FECHA_PAGO, ID_ESTADO) VALUES (7,4,'PAYPAL_ORDER_1007','PAYPAL_CAPTURE_2007',SYSDATE-4,1);
INSERT INTO FIDE_PAGO_PAYPAL_TB (ID_PAGO, ID_FACTURA, PAYPAL_ORDER_ID, PAYPAL_CAPTURE_ID, FECHA_PAGO, ID_ESTADO) VALUES (8,3,'PAYPAL_ORDER_1008','PAYPAL_CAPTURE_2008',SYSDATE-3,1);
INSERT INTO FIDE_PAGO_PAYPAL_TB (ID_PAGO, ID_FACTURA, PAYPAL_ORDER_ID, PAYPAL_CAPTURE_ID, FECHA_PAGO, ID_ESTADO) VALUES (9,2,'PAYPAL_ORDER_1009','PAYPAL_CAPTURE_2009',SYSDATE-2,1);
INSERT INTO FIDE_PAGO_PAYPAL_TB (ID_PAGO, ID_FACTURA, PAYPAL_ORDER_ID, PAYPAL_CAPTURE_ID, FECHA_PAGO, ID_ESTADO) VALUES (10,1,'PAYPAL_ORDER_1010','PAYPAL_CAPTURE_2010',SYSDATE-1,1);

INSERT INTO FIDE_SEASON_TB (ID_SEASON, NOMBRE, ID_ESTADO) VALUES (1, 'Verano Costa Rica 2026', 1);
INSERT INTO FIDE_SEASON_TB (ID_SEASON, NOMBRE, ID_ESTADO) VALUES (2, 'Sunset Sessions 2026', 1);
INSERT INTO FIDE_SEASON_TB (ID_SEASON, NOMBRE, ID_ESTADO) VALUES (3, 'Warehouse Series 2026', 1);
INSERT INTO FIDE_SEASON_TB (ID_SEASON, NOMBRE, ID_ESTADO) VALUES (4, 'Neon Nights 2026', 1);
INSERT INTO FIDE_SEASON_TB (ID_SEASON, NOMBRE, ID_ESTADO) VALUES (5, 'Jungle Frequencies 2026', 1);
INSERT INTO FIDE_SEASON_TB (ID_SEASON, NOMBRE, ID_ESTADO) VALUES (6, 'Basslines CR 2026', 1);
INSERT INTO FIDE_SEASON_TB (ID_SEASON, NOMBRE, ID_ESTADO) VALUES (7, 'Pacific Grooves 2026', 1);
INSERT INTO FIDE_SEASON_TB (ID_SEASON, NOMBRE, ID_ESTADO) VALUES (8, 'Metro Pulse 2026', 1);
INSERT INTO FIDE_SEASON_TB (ID_SEASON, NOMBRE, ID_ESTADO) VALUES (9, 'Highland Raves 2026', 1);
INSERT INTO FIDE_SEASON_TB (ID_SEASON, NOMBRE, ID_ESTADO) VALUES (10, 'Afterhours Collective 2026', 1);
INSERT INTO FIDE_SEASON_TB (ID_SEASON, NOMBRE, ID_ESTADO) VALUES (11, 'Rooftop Social Club 2026', 1);
INSERT INTO FIDE_SEASON_TB (ID_SEASON, NOMBRE, ID_ESTADO) VALUES (12, 'Closing Rituals 2026', 1);

INSERT INTO FIDE_SEASON_SET_TB (ID_SEASON_SET, ID_SEASON, TITULO, DESCRIPCION, YOUTUBE_URL, ID_ESTADO) VALUES (1,1,'Sunset House Set','DJ set grabado durante el atardecer en Tamarindo Sunset Rave.','https://youtube.com/watch?v=sunset_house_set',1);
INSERT INTO FIDE_SEASON_SET_TB (ID_SEASON_SET, ID_SEASON, TITULO, DESCRIPCION, YOUTUBE_URL, ID_ESTADO) VALUES (2,1,'Beach Techno Session','Set techno grabado frente a la playa durante el festival de verano.','https://youtube.com/watch?v=beach_techno_session',1);
INSERT INTO FIDE_SEASON_SET_TB (ID_SEASON_SET, ID_SEASON, TITULO, DESCRIPCION, YOUTUBE_URL, ID_ESTADO) VALUES (3,2,'Underground Warehouse Techno','Set techno underground grabado en Warehouse Nights San José.','https://youtube.com/watch?v=warehouse_techno',1);
INSERT INTO FIDE_SEASON_SET_TB (ID_SEASON_SET, ID_SEASON, TITULO, DESCRIPCION, YOUTUBE_URL, ID_ESTADO) VALUES (4,2,'Dark Techno Live','Live set de dark techno con visuales industriales.','https://youtube.com/watch?v=dark_techno_live',1);
INSERT INTO FIDE_SEASON_SET_TB (ID_SEASON_SET, ID_SEASON, TITULO, DESCRIPCION, YOUTUBE_URL, ID_ESTADO) VALUES (5,3,'Sunset Deep House','Deep house set durante el evento sunset beach festival.','https://youtube.com/watch?v=sunset_deephouse',1);
INSERT INTO FIDE_SEASON_SET_TB (ID_SEASON_SET, ID_SEASON, TITULO, DESCRIPCION, YOUTUBE_URL, ID_ESTADO) VALUES (6,3,'Ocean Groove Session','Groove house set grabado frente al océano.','https://youtube.com/watch?v=ocean_groove',1);
INSERT INTO FIDE_SEASON_SET_TB (ID_SEASON_SET, ID_SEASON, TITULO, DESCRIPCION, YOUTUBE_URL, ID_ESTADO) VALUES (7,4,'Warehouse Bass Night','Bass house set grabado en Warehouse Nights.','https://youtube.com/watch?v=warehouse_bass',1);
INSERT INTO FIDE_SEASON_SET_TB (ID_SEASON_SET, ID_SEASON, TITULO, DESCRIPCION, YOUTUBE_URL, ID_ESTADO) VALUES (8,4,'Neon Rave Electro Set','Electro house set grabado durante Neon Rave San Pedro.','https://youtube.com/watch?v=neon_rave_set',1);
INSERT INTO FIDE_SEASON_SET_TB (ID_SEASON_SET, ID_SEASON, TITULO, DESCRIPCION, YOUTUBE_URL, ID_ESTADO) VALUES (9,5,'Jungle Tech Session','Tech house set grabado en Electronic Jungle Experience.','https://youtube.com/watch?v=jungle_tech_session',1);
INSERT INTO FIDE_SEASON_SET_TB (ID_SEASON_SET, ID_SEASON, TITULO, DESCRIPCION, YOUTUBE_URL, ID_ESTADO) VALUES (10,5,'Forest Techno Experience','Techno set grabado en ambiente natural en la jungla.','https://youtube.com/watch?v=forest_techno_experience',1);

INSERT INTO FIDE_RED_SOCIAL_TB (ID_RED_SOCIAL, NOMBRE, ID_ESTADO) VALUES (1,'Instagram',1);
INSERT INTO FIDE_RED_SOCIAL_TB (ID_RED_SOCIAL, NOMBRE, ID_ESTADO) VALUES (2,'Facebook',1);
INSERT INTO FIDE_RED_SOCIAL_TB (ID_RED_SOCIAL, NOMBRE, ID_ESTADO) VALUES (3,'TikTok',1);
INSERT INTO FIDE_RED_SOCIAL_TB (ID_RED_SOCIAL, NOMBRE, ID_ESTADO) VALUES (4,'YouTube',1);
INSERT INTO FIDE_RED_SOCIAL_TB (ID_RED_SOCIAL, NOMBRE, ID_ESTADO) VALUES (5,'SoundCloud',1);
INSERT INTO FIDE_RED_SOCIAL_TB (ID_RED_SOCIAL, NOMBRE, ID_ESTADO) VALUES (6,'Spotify',1);
INSERT INTO FIDE_RED_SOCIAL_TB (ID_RED_SOCIAL, NOMBRE, ID_ESTADO) VALUES (7,'X (Twitter)',1);

INSERT INTO FIDE_CUENTA_RED_SOCIAL_TB (IDENTIFICACION, ID_RED_SOCIAL, URL, ID_ESTADO) VALUES (101000001,1,'https://instagram.com/carlosramirez',1);
INSERT INTO FIDE_CUENTA_RED_SOCIAL_TB (IDENTIFICACION, ID_RED_SOCIAL, URL, ID_ESTADO) VALUES (101000001,5,'https://soundcloud.com/carlosramirez',1);
INSERT INTO FIDE_CUENTA_RED_SOCIAL_TB (IDENTIFICACION, ID_RED_SOCIAL, URL, ID_ESTADO) VALUES (101000002,1,'https://instagram.com/danielamora',1);
INSERT INTO FIDE_CUENTA_RED_SOCIAL_TB (IDENTIFICACION, ID_RED_SOCIAL, URL, ID_ESTADO) VALUES (101000002,3,'https://tiktok.com/@danielamora',1);
INSERT INTO FIDE_CUENTA_RED_SOCIAL_TB (IDENTIFICACION, ID_RED_SOCIAL, URL, ID_ESTADO) VALUES (101000003,1,'https://instagram.com/andressolis',1);
INSERT INTO FIDE_CUENTA_RED_SOCIAL_TB (IDENTIFICACION, ID_RED_SOCIAL, URL, ID_ESTADO) VALUES (101000003,4,'https://youtube.com/@andressolisdj',1);
INSERT INTO FIDE_CUENTA_RED_SOCIAL_TB (IDENTIFICACION, ID_RED_SOCIAL, URL, ID_ESTADO) VALUES (101000004,2,'https://facebook.com/valeriachaves',1);
INSERT INTO FIDE_CUENTA_RED_SOCIAL_TB (IDENTIFICACION, ID_RED_SOCIAL, URL, ID_ESTADO) VALUES (101000004,1,'https://instagram.com/valeriachaves',1);
INSERT INTO FIDE_CUENTA_RED_SOCIAL_TB (IDENTIFICACION, ID_RED_SOCIAL, URL, ID_ESTADO) VALUES (101000005,1,'https://instagram.com/sebastianjimenez',1);
INSERT INTO FIDE_CUENTA_RED_SOCIAL_TB (IDENTIFICACION, ID_RED_SOCIAL, URL, ID_ESTADO) VALUES (101000005,6,'https://spotify.com/sebastianjimenez',1);
INSERT INTO FIDE_CUENTA_RED_SOCIAL_TB (IDENTIFICACION, ID_RED_SOCIAL, URL, ID_ESTADO) VALUES (101000006,1,'https://instagram.com/gabrielacampos',1);
INSERT INTO FIDE_CUENTA_RED_SOCIAL_TB (IDENTIFICACION, ID_RED_SOCIAL, URL, ID_ESTADO) VALUES (101000006,3,'https://tiktok.com/@gabrielacampos',1);
INSERT INTO FIDE_CUENTA_RED_SOCIAL_TB (IDENTIFICACION, ID_RED_SOCIAL, URL, ID_ESTADO) VALUES (101000007,1,'https://instagram.com/javiercastro',1);
INSERT INTO FIDE_CUENTA_RED_SOCIAL_TB (IDENTIFICACION, ID_RED_SOCIAL, URL, ID_ESTADO) VALUES (101000007,7,'https://x.com/javiercastro',1);
INSERT INTO FIDE_CUENTA_RED_SOCIAL_TB (IDENTIFICACION, ID_RED_SOCIAL, URL, ID_ESTADO) VALUES (101000008,1,'https://instagram.com/nataliaperez',1);
INSERT INTO FIDE_CUENTA_RED_SOCIAL_TB (IDENTIFICACION, ID_RED_SOCIAL, URL, ID_ESTADO) VALUES (101000008,4,'https://youtube.com/@nataliaperez',1);
INSERT INTO FIDE_CUENTA_RED_SOCIAL_TB (IDENTIFICACION, ID_RED_SOCIAL, URL, ID_ESTADO) VALUES (101000009,1,'https://instagram.com/estebanrodriguez',1);
INSERT INTO FIDE_CUENTA_RED_SOCIAL_TB (IDENTIFICACION, ID_RED_SOCIAL, URL, ID_ESTADO) VALUES (101000009,5,'https://soundcloud.com/estebanrodriguez',1);
INSERT INTO FIDE_CUENTA_RED_SOCIAL_TB (IDENTIFICACION, ID_RED_SOCIAL, URL, ID_ESTADO) VALUES (101000010,1,'https://instagram.com/marianacordero',1);
INSERT INTO FIDE_CUENTA_RED_SOCIAL_TB (IDENTIFICACION, ID_RED_SOCIAL, URL, ID_ESTADO) VALUES (101000010,2,'https://facebook.com/marianacordero',1);

INSERT INTO FIDE_CARRITO_TB (ID_CARRITO, ID_CUENTA, ID_ESTADO) VALUES (1,1,1);
INSERT INTO FIDE_CARRITO_TB (ID_CARRITO, ID_CUENTA, ID_ESTADO) VALUES (2,2,1);
INSERT INTO FIDE_CARRITO_TB (ID_CARRITO, ID_CUENTA, ID_ESTADO) VALUES (3,3,1);
INSERT INTO FIDE_CARRITO_TB (ID_CARRITO, ID_CUENTA, ID_ESTADO) VALUES (4,4,1);
INSERT INTO FIDE_CARRITO_TB (ID_CARRITO, ID_CUENTA, ID_ESTADO) VALUES (5,5,1);
INSERT INTO FIDE_CARRITO_TB (ID_CARRITO, ID_CUENTA, ID_ESTADO) VALUES (6,6,1);
INSERT INTO FIDE_CARRITO_TB (ID_CARRITO, ID_CUENTA, ID_ESTADO) VALUES (7,7,1);
INSERT INTO FIDE_CARRITO_TB (ID_CARRITO, ID_CUENTA, ID_ESTADO) VALUES (8,8,1);
INSERT INTO FIDE_CARRITO_TB (ID_CARRITO, ID_CUENTA, ID_ESTADO) VALUES (9,9,1);
INSERT INTO FIDE_CARRITO_TB (ID_CARRITO, ID_CUENTA, ID_ESTADO) VALUES (10,10,1);

INSERT INTO FIDE_CARRITO_ITEM_TB (ID_CARRITO, ID_PRODUCTO, CANTIDAD, ID_ESTADO) VALUES (1,6,1,1);
INSERT INTO FIDE_CARRITO_ITEM_TB (ID_CARRITO, ID_PRODUCTO, CANTIDAD, ID_ESTADO) VALUES (1,11,2,1);
INSERT INTO FIDE_CARRITO_ITEM_TB (ID_CARRITO, ID_PRODUCTO, CANTIDAD, ID_ESTADO) VALUES (2,1,1,1);
INSERT INTO FIDE_CARRITO_ITEM_TB (ID_CARRITO, ID_PRODUCTO, CANTIDAD, ID_ESTADO) VALUES (2,16,3,1);
INSERT INTO FIDE_CARRITO_ITEM_TB (ID_CARRITO, ID_PRODUCTO, CANTIDAD, ID_ESTADO) VALUES (3,7,1,1);
INSERT INTO FIDE_CARRITO_ITEM_TB (ID_CARRITO, ID_PRODUCTO, CANTIDAD, ID_ESTADO) VALUES (3,21,1,1);
INSERT INTO FIDE_CARRITO_ITEM_TB (ID_CARRITO, ID_PRODUCTO, CANTIDAD, ID_ESTADO) VALUES (4,2,2,1);
INSERT INTO FIDE_CARRITO_ITEM_TB (ID_CARRITO, ID_PRODUCTO, CANTIDAD, ID_ESTADO) VALUES (4,12,1,1);
INSERT INTO FIDE_CARRITO_ITEM_TB (ID_CARRITO, ID_PRODUCTO, CANTIDAD, ID_ESTADO) VALUES (5,8,1,1);
INSERT INTO FIDE_CARRITO_ITEM_TB (ID_CARRITO, ID_PRODUCTO, CANTIDAD, ID_ESTADO) VALUES (5,17,4,1);
INSERT INTO FIDE_CARRITO_ITEM_TB (ID_CARRITO, ID_PRODUCTO, CANTIDAD, ID_ESTADO) VALUES (6,3,1,1);
INSERT INTO FIDE_CARRITO_ITEM_TB (ID_CARRITO, ID_PRODUCTO, CANTIDAD, ID_ESTADO) VALUES (6,22,1,1);
INSERT INTO FIDE_CARRITO_ITEM_TB (ID_CARRITO, ID_PRODUCTO, CANTIDAD, ID_ESTADO) VALUES (7,9,2,1);
INSERT INTO FIDE_CARRITO_ITEM_TB (ID_CARRITO, ID_PRODUCTO, CANTIDAD, ID_ESTADO) VALUES (7,18,2,1);
INSERT INTO FIDE_CARRITO_ITEM_TB (ID_CARRITO, ID_PRODUCTO, CANTIDAD, ID_ESTADO) VALUES (8,4,1,1);
INSERT INTO FIDE_CARRITO_ITEM_TB (ID_CARRITO, ID_PRODUCTO, CANTIDAD, ID_ESTADO) VALUES (8,23,1,1);
INSERT INTO FIDE_CARRITO_ITEM_TB (ID_CARRITO, ID_PRODUCTO, CANTIDAD, ID_ESTADO) VALUES (9,10,2,1);
INSERT INTO FIDE_CARRITO_ITEM_TB (ID_CARRITO, ID_PRODUCTO, CANTIDAD, ID_ESTADO) VALUES (9,24,1,1);
INSERT INTO FIDE_CARRITO_ITEM_TB (ID_CARRITO, ID_PRODUCTO, CANTIDAD, ID_ESTADO) VALUES (10,5,1,1);
INSERT INTO FIDE_CARRITO_ITEM_TB (ID_CARRITO, ID_PRODUCTO, CANTIDAD, ID_ESTADO) VALUES (10,25,1,1);

INSERT INTO FIDE_CODIGO_OTP_TB (ID_CODIGO_OTP, ID_CUENTA, ID_TIPO_OTP, CODIGO_HASH, FECHA_EXPIRACION, FECHA_USO, INTENTOS, FECHA_CREACION, ID_ESTADO) VALUES (16,16,2,'otp_hash_016',SYSDATE + 2/24,NULL,1,SYSDATE - 1,1);
INSERT INTO FIDE_CODIGO_OTP_TB (ID_CODIGO_OTP, ID_CUENTA, ID_TIPO_OTP, CODIGO_HASH, FECHA_EXPIRACION, FECHA_USO, INTENTOS, FECHA_CREACION, ID_ESTADO) VALUES (17,17,4,'otp_hash_017',SYSDATE + 1/24,SYSDATE - 1/24,0,SYSDATE - 1,1);
INSERT INTO FIDE_CODIGO_OTP_TB (ID_CODIGO_OTP, ID_CUENTA, ID_TIPO_OTP, CODIGO_HASH, FECHA_EXPIRACION, FECHA_USO, INTENTOS, FECHA_CREACION, ID_ESTADO) VALUES (18,18,5,'otp_hash_018',SYSDATE + 3/24,NULL,0,SYSDATE,1);
INSERT INTO FIDE_CODIGO_OTP_TB (ID_CODIGO_OTP, ID_CUENTA, ID_TIPO_OTP, CODIGO_HASH, FECHA_EXPIRACION, FECHA_USO, INTENTOS, FECHA_CREACION, ID_ESTADO) VALUES (19,19,1,'otp_hash_019',SYSDATE + 1/24,NULL,2,SYSDATE,1);
INSERT INTO FIDE_CODIGO_OTP_TB (ID_CODIGO_OTP, ID_CUENTA, ID_TIPO_OTP, CODIGO_HASH, FECHA_EXPIRACION, FECHA_USO, INTENTOS, FECHA_CREACION, ID_ESTADO) VALUES (20,20,3,'otp_hash_020',SYSDATE + 2/24,NULL,1,SYSDATE - 2,1);
INSERT INTO FIDE_CODIGO_OTP_TB (ID_CODIGO_OTP, ID_CUENTA, ID_TIPO_OTP, CODIGO_HASH, FECHA_EXPIRACION, FECHA_USO, INTENTOS, FECHA_CREACION, ID_ESTADO) VALUES (21,21,2,'otp_hash_021',SYSDATE + 1/24,NULL,0,SYSDATE,1);
INSERT INTO FIDE_CODIGO_OTP_TB (ID_CODIGO_OTP, ID_CUENTA, ID_TIPO_OTP, CODIGO_HASH, FECHA_EXPIRACION, FECHA_USO, INTENTOS, FECHA_CREACION, ID_ESTADO) VALUES (22,22,4,'otp_hash_022',SYSDATE + 2/24,NULL,0,SYSDATE,1);
INSERT INTO FIDE_CODIGO_OTP_TB (ID_CODIGO_OTP, ID_CUENTA, ID_TIPO_OTP, CODIGO_HASH, FECHA_EXPIRACION, FECHA_USO, INTENTOS, FECHA_CREACION, ID_ESTADO) VALUES (23,23,1,'otp_hash_023',SYSDATE + 1/24,SYSDATE - 1/48,0,SYSDATE - 1,1);
INSERT INTO FIDE_CODIGO_OTP_TB (ID_CODIGO_OTP, ID_CUENTA, ID_TIPO_OTP, CODIGO_HASH, FECHA_EXPIRACION, FECHA_USO, INTENTOS, FECHA_CREACION, ID_ESTADO) VALUES (24,24,5,'otp_hash_024',SYSDATE + 3/24,NULL,1,SYSDATE,1);
INSERT INTO FIDE_CODIGO_OTP_TB (ID_CODIGO_OTP, ID_CUENTA, ID_TIPO_OTP, CODIGO_HASH, FECHA_EXPIRACION, FECHA_USO, INTENTOS, FECHA_CREACION, ID_ESTADO) VALUES (25,25,3,'otp_hash_025',SYSDATE + 1/24,NULL,0,SYSDATE,1);

INSERT INTO FIDE_REFRESH_TOKEN_TB (ID_REFRESH_TOKEN, ID_CUENTA, TOKEN_HASH, JTI, IP_ADDRESS, USER_AGENT, FECHA_EXPIRACION, FECHA_REVOCACION, ID_ESTADO) VALUES (11,11,'token_hash_011','jti_011','10.20.0.11','Mozilla/5.0 DanceRoom Seed Client 11',SYSDATE+10,NULL,1);
INSERT INTO FIDE_REFRESH_TOKEN_TB (ID_REFRESH_TOKEN, ID_CUENTA, TOKEN_HASH, JTI, IP_ADDRESS, USER_AGENT, FECHA_EXPIRACION, FECHA_REVOCACION, ID_ESTADO) VALUES (12,12,'token_hash_012','jti_012','10.20.0.12','Mozilla/5.0 DanceRoom Seed Client 12',SYSDATE+7,NULL,1);
INSERT INTO FIDE_REFRESH_TOKEN_TB (ID_REFRESH_TOKEN, ID_CUENTA, TOKEN_HASH, JTI, IP_ADDRESS, USER_AGENT, FECHA_EXPIRACION, FECHA_REVOCACION, ID_ESTADO) VALUES (13,13,'token_hash_013','jti_013','10.20.0.13','Mozilla/5.0 DanceRoom Seed Client 13',SYSDATE+8,NULL,1);
INSERT INTO FIDE_REFRESH_TOKEN_TB (ID_REFRESH_TOKEN, ID_CUENTA, TOKEN_HASH, JTI, IP_ADDRESS, USER_AGENT, FECHA_EXPIRACION, FECHA_REVOCACION, ID_ESTADO) VALUES (14,14,'token_hash_014','jti_014','10.20.0.14','Mozilla/5.0 DanceRoom Seed Client 14',SYSDATE+9,NULL,1);
INSERT INTO FIDE_REFRESH_TOKEN_TB (ID_REFRESH_TOKEN, ID_CUENTA, TOKEN_HASH, JTI, IP_ADDRESS, USER_AGENT, FECHA_EXPIRACION, FECHA_REVOCACION, ID_ESTADO) VALUES (15,15,'token_hash_015','jti_015','10.20.0.15','Mozilla/5.0 DanceRoom Seed Client 15',SYSDATE+10,NULL,1);
INSERT INTO FIDE_REFRESH_TOKEN_TB (ID_REFRESH_TOKEN, ID_CUENTA, TOKEN_HASH, JTI, IP_ADDRESS, USER_AGENT, FECHA_EXPIRACION, FECHA_REVOCACION, ID_ESTADO) VALUES (16,16,'token_hash_016','jti_016','10.20.0.16','Mozilla/5.0 DanceRoom Seed Client 16',SYSDATE+7,NULL,1);
INSERT INTO FIDE_REFRESH_TOKEN_TB (ID_REFRESH_TOKEN, ID_CUENTA, TOKEN_HASH, JTI, IP_ADDRESS, USER_AGENT, FECHA_EXPIRACION, FECHA_REVOCACION, ID_ESTADO) VALUES (17,17,'token_hash_017','jti_017','10.20.0.17','Mozilla/5.0 DanceRoom Seed Client 17',SYSDATE+8,NULL,1);
INSERT INTO FIDE_REFRESH_TOKEN_TB (ID_REFRESH_TOKEN, ID_CUENTA, TOKEN_HASH, JTI, IP_ADDRESS, USER_AGENT, FECHA_EXPIRACION, FECHA_REVOCACION, ID_ESTADO) VALUES (18,18,'token_hash_018','jti_018','10.20.0.18','Mozilla/5.0 DanceRoom Seed Client 18',SYSDATE+9,NULL,1);
INSERT INTO FIDE_REFRESH_TOKEN_TB (ID_REFRESH_TOKEN, ID_CUENTA, TOKEN_HASH, JTI, IP_ADDRESS, USER_AGENT, FECHA_EXPIRACION, FECHA_REVOCACION, ID_ESTADO) VALUES (19,19,'token_hash_019','jti_019','10.20.0.19','Mozilla/5.0 DanceRoom Seed Client 19',SYSDATE+10,NULL,1);
INSERT INTO FIDE_REFRESH_TOKEN_TB (ID_REFRESH_TOKEN, ID_CUENTA, TOKEN_HASH, JTI, IP_ADDRESS, USER_AGENT, FECHA_EXPIRACION, FECHA_REVOCACION, ID_ESTADO) VALUES (20,20,'token_hash_020','jti_020','10.20.0.20','Mozilla/5.0 DanceRoom Seed Client 20',SYSDATE+7,NULL,1);

INSERT INTO FIDE_EVENTO_TB (ID_EVENTO, TITULO, DESCRIPCION, FECHA_EVENTO, ID_DIRECCION, FLYER_URL, PRECIO, ID_ESTADO) VALUES (11,'Rooftop House San Jose','Sesión house en rooftop con vista al centro de San José y lineup local.',TO_DATE('2026-10-09','YYYY-MM-DD'),2,'https://eventoscr.com/flyers/rooftop_house_sj.jpg',21000,1);
INSERT INTO FIDE_EVENTO_TB (ID_EVENTO, TITULO, DESCRIPCION, FECHA_EVENTO, ID_DIRECCION, FLYER_URL, PRECIO, ID_ESTADO) VALUES (12,'Caribbean Moonlight Rave','Rave nocturno en Limón con enfoque en afro house y melodic techno.',TO_DATE('2026-10-24','YYYY-MM-DD'),30,'https://eventoscr.com/flyers/caribbean_moonlight.jpg',24000,1);
INSERT INTO FIDE_EVENTO_TB (ID_EVENTO, TITULO, DESCRIPCION, FECHA_EVENTO, ID_DIRECCION, FLYER_URL, PRECIO, ID_ESTADO) VALUES (13,'Volcanic Techno Summit','Encuentro techno cerca de las montañas de Cartago con producción inmersiva.',TO_DATE('2026-11-14','YYYY-MM-DD'),24,'https://eventoscr.com/flyers/volcanic_techno.jpg',26000,1);
INSERT INTO FIDE_EVENTO_TB (ID_EVENTO, TITULO, DESCRIPCION, FECHA_EVENTO, ID_DIRECCION, FLYER_URL, PRECIO, ID_ESTADO) VALUES (14,'Playa Hermosa Sunset Beats','Evento sunset con house progresivo y nu-disco en Guanacaste.',TO_DATE('2026-11-28','YYYY-MM-DD'),29,'https://eventoscr.com/flyers/playa_hermosa_sunset.jpg',23000,1);
INSERT INTO FIDE_EVENTO_TB (ID_EVENTO, TITULO, DESCRIPCION, FECHA_EVENTO, ID_DIRECCION, FLYER_URL, PRECIO, ID_ESTADO) VALUES (15,'Metro Groove Sessions','Noche urbana de tech house y minimal en la capital.',TO_DATE('2026-12-05','YYYY-MM-DD'),14,'https://eventoscr.com/flyers/metro_groove.jpg',18000,1);
INSERT INTO FIDE_EVENTO_TB (ID_EVENTO, TITULO, DESCRIPCION, FECHA_EVENTO, ID_DIRECCION, FLYER_URL, PRECIO, ID_ESTADO) VALUES (16,'Limon Bass Carnival','Festival de bass house y drum and bass con identidad caribeña.',TO_DATE('2026-12-12','YYYY-MM-DD'),30,'https://eventoscr.com/flyers/limon_bass_carnival.jpg',27000,1);
INSERT INTO FIDE_EVENTO_TB (ID_EVENTO, TITULO, DESCRIPCION, FECHA_EVENTO, ID_DIRECCION, FLYER_URL, PRECIO, ID_ESTADO) VALUES (17,'Deep Jungle Afterhours','Afterhours íntimo con deep techno y visuales orgánicos.',TO_DATE('2026-12-19','YYYY-MM-DD'),28,'https://eventoscr.com/flyers/deep_jungle_afterhours.jpg',19500,1);
INSERT INTO FIDE_EVENTO_TB (ID_EVENTO, TITULO, DESCRIPCION, FECHA_EVENTO, ID_DIRECCION, FLYER_URL, PRECIO, ID_ESTADO) VALUES (18,'Skyline Electro Social','Social electrónico con sets cortos, coctelería y artistas emergentes.',TO_DATE('2027-01-09','YYYY-MM-DD'),12,'https://eventoscr.com/flyers/skyline_electro_social.jpg',17500,1);
INSERT INTO FIDE_EVENTO_TB (ID_EVENTO, TITULO, DESCRIPCION, FECHA_EVENTO, ID_DIRECCION, FLYER_URL, PRECIO, ID_ESTADO) VALUES (19,'Nosara Organic Vibes','Jornada electrónica enfocada en organic house y downtempo playero.',TO_DATE('2027-01-23','YYYY-MM-DD'),29,'https://eventoscr.com/flyers/nosara_organic_vibes.jpg',25500,1);
INSERT INTO FIDE_EVENTO_TB (ID_EVENTO, TITULO, DESCRIPCION, FECHA_EVENTO, ID_DIRECCION, FLYER_URL, PRECIO, ID_ESTADO) VALUES (20,'Central Valley Hard Groove','Fecha dedicada a hard groove y techno veloz en formato warehouse.',TO_DATE('2027-02-06','YYYY-MM-DD'),1,'https://eventoscr.com/flyers/central_valley_hard_groove.jpg',22000,1);

INSERT INTO FIDE_CONTENIDO_TB (ID_CONTENIDO, ID_EVENTO, ID_TIPO_CONTENIDO, TITULO, DESCRIPCION, URL, ID_ESTADO) VALUES (11,11,1,'Flyer Rooftop House San Jose','Flyer principal para la fecha Rooftop House San Jose.','https://eventoscr.com/contenido/rooftop_house_flyer.jpg',1);
INSERT INTO FIDE_CONTENIDO_TB (ID_CONTENIDO, ID_EVENTO, ID_TIPO_CONTENIDO, TITULO, DESCRIPCION, URL, ID_ESTADO) VALUES (12,11,5,'Reel Rooftop House','Reel vertical con tomas del venue, DJs y vista de la ciudad.','https://eventoscr.com/contenido/rooftop_house_reel.mp4',1);
INSERT INTO FIDE_CONTENIDO_TB (ID_CONTENIDO, ID_EVENTO, ID_TIPO_CONTENIDO, TITULO, DESCRIPCION, URL, ID_ESTADO) VALUES (13,12,1,'Flyer Caribbean Moonlight Rave','Arte oficial del evento Caribbean Moonlight Rave.','https://eventoscr.com/contenido/caribbean_moonlight_flyer.jpg',1);
INSERT INTO FIDE_CONTENIDO_TB (ID_CONTENIDO, ID_EVENTO, ID_TIPO_CONTENIDO, TITULO, DESCRIPCION, URL, ID_ESTADO) VALUES (14,12,2,'Teaser Caribbean Moonlight','Teaser audiovisual con estética tropical y nocturna.','https://eventoscr.com/contenido/caribbean_moonlight_teaser.mp4',1);
INSERT INTO FIDE_CONTENIDO_TB (ID_CONTENIDO, ID_EVENTO, ID_TIPO_CONTENIDO, TITULO, DESCRIPCION, URL, ID_ESTADO) VALUES (15,13,1,'Flyer Volcanic Techno Summit','Imagen promocional del Volcanic Techno Summit.','https://eventoscr.com/contenido/volcanic_techno_flyer.jpg',1);
INSERT INTO FIDE_CONTENIDO_TB (ID_CONTENIDO, ID_EVENTO, ID_TIPO_CONTENIDO, TITULO, DESCRIPCION, URL, ID_ESTADO) VALUES (16,13,3,'Galeria Volcanic Techno','Galería del montaje y locación previa al evento.','https://eventoscr.com/contenido/volcanic_techno_galeria',1);
INSERT INTO FIDE_CONTENIDO_TB (ID_CONTENIDO, ID_EVENTO, ID_TIPO_CONTENIDO, TITULO, DESCRIPCION, URL, ID_ESTADO) VALUES (17,14,1,'Flyer Playa Hermosa Sunset Beats','Flyer sunset para Playa Hermosa Sunset Beats.','https://eventoscr.com/contenido/playa_hermosa_flyer.jpg',1);
INSERT INTO FIDE_CONTENIDO_TB (ID_CONTENIDO, ID_EVENTO, ID_TIPO_CONTENIDO, TITULO, DESCRIPCION, URL, ID_ESTADO) VALUES (18,14,5,'Reel Playa Hermosa Sunset','Video corto con tomas de playa y ambientación del sunset.','https://eventoscr.com/contenido/playa_hermosa_reel.mp4',1);
INSERT INTO FIDE_CONTENIDO_TB (ID_CONTENIDO, ID_EVENTO, ID_TIPO_CONTENIDO, TITULO, DESCRIPCION, URL, ID_ESTADO) VALUES (19,15,1,'Flyer Metro Groove Sessions','Arte urbano oficial de Metro Groove Sessions.','https://eventoscr.com/contenido/metro_groove_flyer.jpg',1);
INSERT INTO FIDE_CONTENIDO_TB (ID_CONTENIDO, ID_EVENTO, ID_TIPO_CONTENIDO, TITULO, DESCRIPCION, URL, ID_ESTADO) VALUES (20,15,2,'Video Promo Metro Groove','Clip promocional con enfoque en bailarines y visuales LED.','https://eventoscr.com/contenido/metro_groove_promo.mp4',1);
INSERT INTO FIDE_CONTENIDO_TB (ID_CONTENIDO, ID_EVENTO, ID_TIPO_CONTENIDO, TITULO, DESCRIPCION, URL, ID_ESTADO) VALUES (21,16,1,'Flyer Limon Bass Carnival','Flyer principal del Limon Bass Carnival.','https://eventoscr.com/contenido/limon_bass_flyer.jpg',1);
INSERT INTO FIDE_CONTENIDO_TB (ID_CONTENIDO, ID_EVENTO, ID_TIPO_CONTENIDO, TITULO, DESCRIPCION, URL, ID_ESTADO) VALUES (22,16,4,'Aftermovie Limon Bass Carnival','Resumen audiovisual de la edición anterior del carnaval bass.','https://eventoscr.com/contenido/limon_bass_aftermovie.mp4',1);
INSERT INTO FIDE_CONTENIDO_TB (ID_CONTENIDO, ID_EVENTO, ID_TIPO_CONTENIDO, TITULO, DESCRIPCION, URL, ID_ESTADO) VALUES (23,17,1,'Flyer Deep Jungle Afterhours','Flyer con identidad orgánica para Deep Jungle Afterhours.','https://eventoscr.com/contenido/deep_jungle_flyer.jpg',1);
INSERT INTO FIDE_CONTENIDO_TB (ID_CONTENIDO, ID_EVENTO, ID_TIPO_CONTENIDO, TITULO, DESCRIPCION, URL, ID_ESTADO) VALUES (24,17,3,'Galeria Deep Jungle','Galería del bosque, stage y propuesta visual del evento.','https://eventoscr.com/contenido/deep_jungle_galeria',1);
INSERT INTO FIDE_CONTENIDO_TB (ID_CONTENIDO, ID_EVENTO, ID_TIPO_CONTENIDO, TITULO, DESCRIPCION, URL, ID_ESTADO) VALUES (25,18,1,'Flyer Skyline Electro Social','Flyer elegante para Skyline Electro Social.','https://eventoscr.com/contenido/skyline_electro_flyer.jpg',1);
INSERT INTO FIDE_CONTENIDO_TB (ID_CONTENIDO, ID_EVENTO, ID_TIPO_CONTENIDO, TITULO, DESCRIPCION, URL, ID_ESTADO) VALUES (26,18,5,'Reel Skyline Electro','Reel de presentación del venue y artistas invitados.','https://eventoscr.com/contenido/skyline_electro_reel.mp4',1);
INSERT INTO FIDE_CONTENIDO_TB (ID_CONTENIDO, ID_EVENTO, ID_TIPO_CONTENIDO, TITULO, DESCRIPCION, URL, ID_ESTADO) VALUES (27,19,1,'Flyer Nosara Organic Vibes','Flyer de estilo natural para Nosara Organic Vibes.','https://eventoscr.com/contenido/nosara_organic_flyer.jpg',1);
INSERT INTO FIDE_CONTENIDO_TB (ID_CONTENIDO, ID_EVENTO, ID_TIPO_CONTENIDO, TITULO, DESCRIPCION, URL, ID_ESTADO) VALUES (28,19,2,'Teaser Nosara Organic Vibes','Video teaser con enfoque en playa, naturaleza y groove.','https://eventoscr.com/contenido/nosara_organic_teaser.mp4',1);
INSERT INTO FIDE_CONTENIDO_TB (ID_CONTENIDO, ID_EVENTO, ID_TIPO_CONTENIDO, TITULO, DESCRIPCION, URL, ID_ESTADO) VALUES (29,20,1,'Flyer Central Valley Hard Groove','Arte oficial de Central Valley Hard Groove.','https://eventoscr.com/contenido/hard_groove_flyer.jpg',1);
INSERT INTO FIDE_CONTENIDO_TB (ID_CONTENIDO, ID_EVENTO, ID_TIPO_CONTENIDO, TITULO, DESCRIPCION, URL, ID_ESTADO) VALUES (30,20,4,'Aftermovie Hard Groove','Aftermovie de una fecha previa con hard groove y warehouse energy.','https://eventoscr.com/contenido/hard_groove_aftermovie.mp4',1);

INSERT INTO FIDE_EVENTO_TICKET (ID_EVENTO_TICKET, ID_EVENTO, ID_TIPO_TICKET, PRECIO, CUPOS_TOTALES, CUPOS_DISPONIBLES, CUPOS_VENDIDOS, FECHA_INICIO, FECHA_FIN, ID_ESTADO) VALUES (24,11,1,21000,180,150,30,TO_DATE('2026-08-20','YYYY-MM-DD'),TO_DATE('2026-10-08','YYYY-MM-DD'),1);
INSERT INTO FIDE_EVENTO_TICKET (ID_EVENTO_TICKET, ID_EVENTO, ID_TIPO_TICKET, PRECIO, CUPOS_TOTALES, CUPOS_DISPONIBLES, CUPOS_VENDIDOS, FECHA_INICIO, FECHA_FIN, ID_ESTADO) VALUES (25,11,2,32000,60,45,15,TO_DATE('2026-08-20','YYYY-MM-DD'),TO_DATE('2026-10-08','YYYY-MM-DD'),1);
INSERT INTO FIDE_EVENTO_TICKET (ID_EVENTO_TICKET, ID_EVENTO, ID_TIPO_TICKET, PRECIO, CUPOS_TOTALES, CUPOS_DISPONIBLES, CUPOS_VENDIDOS, FECHA_INICIO, FECHA_FIN, ID_ESTADO) VALUES (26,12,1,24000,260,210,50,TO_DATE('2026-09-01','YYYY-MM-DD'),TO_DATE('2026-10-23','YYYY-MM-DD'),1);
INSERT INTO FIDE_EVENTO_TICKET (ID_EVENTO_TICKET, ID_EVENTO, ID_TIPO_TICKET, PRECIO, CUPOS_TOTALES, CUPOS_DISPONIBLES, CUPOS_VENDIDOS, FECHA_INICIO, FECHA_FIN, ID_ESTADO) VALUES (27,12,5,29000,90,70,20,TO_DATE('2026-09-01','YYYY-MM-DD'),TO_DATE('2026-10-23','YYYY-MM-DD'),1);
INSERT INTO FIDE_EVENTO_TICKET (ID_EVENTO_TICKET, ID_EVENTO, ID_TIPO_TICKET, PRECIO, CUPOS_TOTALES, CUPOS_DISPONIBLES, CUPOS_VENDIDOS, FECHA_INICIO, FECHA_FIN, ID_ESTADO) VALUES (28,13,1,26000,220,175,45,TO_DATE('2026-09-10','YYYY-MM-DD'),TO_DATE('2026-11-13','YYYY-MM-DD'),1);
INSERT INTO FIDE_EVENTO_TICKET (ID_EVENTO_TICKET, ID_EVENTO, ID_TIPO_TICKET, PRECIO, CUPOS_TOTALES, CUPOS_DISPONIBLES, CUPOS_VENDIDOS, FECHA_INICIO, FECHA_FIN, ID_ESTADO) VALUES (29,13,3,39000,70,52,18,TO_DATE('2026-09-10','YYYY-MM-DD'),TO_DATE('2026-11-13','YYYY-MM-DD'),1);
INSERT INTO FIDE_EVENTO_TICKET (ID_EVENTO_TICKET, ID_EVENTO, ID_TIPO_TICKET, PRECIO, CUPOS_TOTALES, CUPOS_DISPONIBLES, CUPOS_VENDIDOS, FECHA_INICIO, FECHA_FIN, ID_ESTADO) VALUES (30,14,4,19000,200,160,40,TO_DATE('2026-09-15','YYYY-MM-DD'),TO_DATE('2026-11-10','YYYY-MM-DD'),1);
INSERT INTO FIDE_EVENTO_TICKET (ID_EVENTO_TICKET, ID_EVENTO, ID_TIPO_TICKET, PRECIO, CUPOS_TOTALES, CUPOS_DISPONIBLES, CUPOS_VENDIDOS, FECHA_INICIO, FECHA_FIN, ID_ESTADO) VALUES (31,14,1,23000,280,230,50,TO_DATE('2026-11-11','YYYY-MM-DD'),TO_DATE('2026-11-27','YYYY-MM-DD'),1);
INSERT INTO FIDE_EVENTO_TICKET (ID_EVENTO_TICKET, ID_EVENTO, ID_TIPO_TICKET, PRECIO, CUPOS_TOTALES, CUPOS_DISPONIBLES, CUPOS_VENDIDOS, FECHA_INICIO, FECHA_FIN, ID_ESTADO) VALUES (32,15,4,15000,150,118,32,TO_DATE('2026-10-01','YYYY-MM-DD'),TO_DATE('2026-11-20','YYYY-MM-DD'),1);
INSERT INTO FIDE_EVENTO_TICKET (ID_EVENTO_TICKET, ID_EVENTO, ID_TIPO_TICKET, PRECIO, CUPOS_TOTALES, CUPOS_DISPONIBLES, CUPOS_VENDIDOS, FECHA_INICIO, FECHA_FIN, ID_ESTADO) VALUES (33,15,1,18000,240,195,45,TO_DATE('2026-11-21','YYYY-MM-DD'),TO_DATE('2026-12-04','YYYY-MM-DD'),1);
INSERT INTO FIDE_EVENTO_TICKET (ID_EVENTO_TICKET, ID_EVENTO, ID_TIPO_TICKET, PRECIO, CUPOS_TOTALES, CUPOS_DISPONIBLES, CUPOS_VENDIDOS, FECHA_INICIO, FECHA_FIN, ID_ESTADO) VALUES (34,15,2,27000,80,60,20,TO_DATE('2026-11-21','YYYY-MM-DD'),TO_DATE('2026-12-04','YYYY-MM-DD'),1);
INSERT INTO FIDE_EVENTO_TICKET (ID_EVENTO_TICKET, ID_EVENTO, ID_TIPO_TICKET, PRECIO, CUPOS_TOTALES, CUPOS_DISPONIBLES, CUPOS_VENDIDOS, FECHA_INICIO, FECHA_FIN, ID_ESTADO) VALUES (35,16,1,27000,320,260,60,TO_DATE('2026-10-15','YYYY-MM-DD'),TO_DATE('2026-12-11','YYYY-MM-DD'),1);
INSERT INTO FIDE_EVENTO_TICKET (ID_EVENTO_TICKET, ID_EVENTO, ID_TIPO_TICKET, PRECIO, CUPOS_TOTALES, CUPOS_DISPONIBLES, CUPOS_VENDIDOS, FECHA_INICIO, FECHA_FIN, ID_ESTADO) VALUES (36,16,2,38000,110,82,28,TO_DATE('2026-10-15','YYYY-MM-DD'),TO_DATE('2026-12-11','YYYY-MM-DD'),1);
INSERT INTO FIDE_EVENTO_TICKET (ID_EVENTO_TICKET, ID_EVENTO, ID_TIPO_TICKET, PRECIO, CUPOS_TOTALES, CUPOS_DISPONIBLES, CUPOS_VENDIDOS, FECHA_INICIO, FECHA_FIN, ID_ESTADO) VALUES (37,17,1,19500,140,110,30,TO_DATE('2026-10-20','YYYY-MM-DD'),TO_DATE('2026-12-18','YYYY-MM-DD'),1);
INSERT INTO FIDE_EVENTO_TICKET (ID_EVENTO_TICKET, ID_EVENTO, ID_TIPO_TICKET, PRECIO, CUPOS_TOTALES, CUPOS_DISPONIBLES, CUPOS_VENDIDOS, FECHA_INICIO, FECHA_FIN, ID_ESTADO) VALUES (38,17,3,31000,50,36,14,TO_DATE('2026-10-20','YYYY-MM-DD'),TO_DATE('2026-12-18','YYYY-MM-DD'),1);
INSERT INTO FIDE_EVENTO_TICKET (ID_EVENTO_TICKET, ID_EVENTO, ID_TIPO_TICKET, PRECIO, CUPOS_TOTALES, CUPOS_DISPONIBLES, CUPOS_VENDIDOS, FECHA_INICIO, FECHA_FIN, ID_ESTADO) VALUES (39,18,4,14000,160,128,32,TO_DATE('2026-11-05','YYYY-MM-DD'),TO_DATE('2027-01-08','YYYY-MM-DD'),1);
INSERT INTO FIDE_EVENTO_TICKET (ID_EVENTO_TICKET, ID_EVENTO, ID_TIPO_TICKET, PRECIO, CUPOS_TOTALES, CUPOS_DISPONIBLES, CUPOS_VENDIDOS, FECHA_INICIO, FECHA_FIN, ID_ESTADO) VALUES (40,18,1,17500,220,180,40,TO_DATE('2026-11-05','YYYY-MM-DD'),TO_DATE('2027-01-08','YYYY-MM-DD'),1);
INSERT INTO FIDE_EVENTO_TICKET (ID_EVENTO_TICKET, ID_EVENTO, ID_TIPO_TICKET, PRECIO, CUPOS_TOTALES, CUPOS_DISPONIBLES, CUPOS_VENDIDOS, FECHA_INICIO, FECHA_FIN, ID_ESTADO) VALUES (41,19,1,25500,200,158,42,TO_DATE('2026-11-20','YYYY-MM-DD'),TO_DATE('2027-01-22','YYYY-MM-DD'),1);
INSERT INTO FIDE_EVENTO_TICKET (ID_EVENTO_TICKET, ID_EVENTO, ID_TIPO_TICKET, PRECIO, CUPOS_TOTALES, CUPOS_DISPONIBLES, CUPOS_VENDIDOS, FECHA_INICIO, FECHA_FIN, ID_ESTADO) VALUES (42,19,5,31500,75,54,21,TO_DATE('2026-11-20','YYYY-MM-DD'),TO_DATE('2027-01-22','YYYY-MM-DD'),1);
INSERT INTO FIDE_EVENTO_TICKET (ID_EVENTO_TICKET, ID_EVENTO, ID_TIPO_TICKET, PRECIO, CUPOS_TOTALES, CUPOS_DISPONIBLES, CUPOS_VENDIDOS, FECHA_INICIO, FECHA_FIN, ID_ESTADO) VALUES (43,20,1,22000,260,205,55,TO_DATE('2026-12-01','YYYY-MM-DD'),TO_DATE('2027-02-05','YYYY-MM-DD'),1);
INSERT INTO FIDE_EVENTO_TICKET (ID_EVENTO_TICKET, ID_EVENTO, ID_TIPO_TICKET, PRECIO, CUPOS_TOTALES, CUPOS_DISPONIBLES, CUPOS_VENDIDOS, FECHA_INICIO, FECHA_FIN, ID_ESTADO) VALUES (44,20,2,33000,90,64,26,TO_DATE('2026-12-01','YYYY-MM-DD'),TO_DATE('2027-02-05','YYYY-MM-DD'),1);
INSERT INTO FIDE_EVENTO_TICKET (ID_EVENTO_TICKET, ID_EVENTO, ID_TIPO_TICKET, PRECIO, CUPOS_TOTALES, CUPOS_DISPONIBLES, CUPOS_VENDIDOS, FECHA_INICIO, FECHA_FIN, ID_ESTADO) VALUES (45,20,3,42000,40,28,12,TO_DATE('2026-12-01','YYYY-MM-DD'),TO_DATE('2027-02-05','YYYY-MM-DD'),1);

COMMIT;

INSERT INTO FIDE_TICKET_TB (ID_TICKET, ID_EVENTO_TICKET, ID_CUENTA, CODIGO_QR, FECHA_GENERACION, ID_ESTADO) VALUES (31,24,31,'QR_ROOF_0031',SYSDATE-0,1);
INSERT INTO FIDE_TICKET_TB (ID_TICKET, ID_EVENTO_TICKET, ID_CUENTA, CODIGO_QR, FECHA_GENERACION, ID_ESTADO) VALUES (32,25,32,'QR_ROOFVIP_0032',SYSDATE-1,1);
INSERT INTO FIDE_TICKET_TB (ID_TICKET, ID_EVENTO_TICKET, ID_CUENTA, CODIGO_QR, FECHA_GENERACION, ID_ESTADO) VALUES (33,26,33,'QR_CARIB_0033',SYSDATE-2,1);
INSERT INTO FIDE_TICKET_TB (ID_TICKET, ID_EVENTO_TICKET, ID_CUENTA, CODIGO_QR, FECHA_GENERACION, ID_ESTADO) VALUES (34,27,34,'QR_CARIBSUN_0034',SYSDATE-3,1);
INSERT INTO FIDE_TICKET_TB (ID_TICKET, ID_EVENTO_TICKET, ID_CUENTA, CODIGO_QR, FECHA_GENERACION, ID_ESTADO) VALUES (35,28,35,'QR_VOLCAN_0035',SYSDATE-4,1);
INSERT INTO FIDE_TICKET_TB (ID_TICKET, ID_EVENTO_TICKET, ID_CUENTA, CODIGO_QR, FECHA_GENERACION, ID_ESTADO) VALUES (36,29,36,'QR_VOLCBK_0036',SYSDATE-5,1);
INSERT INTO FIDE_TICKET_TB (ID_TICKET, ID_EVENTO_TICKET, ID_CUENTA, CODIGO_QR, FECHA_GENERACION, ID_ESTADO) VALUES (37,30,37,'QR_HERMO_0037',SYSDATE-6,1);
INSERT INTO FIDE_TICKET_TB (ID_TICKET, ID_EVENTO_TICKET, ID_CUENTA, CODIGO_QR, FECHA_GENERACION, ID_ESTADO) VALUES (38,31,38,'QR_HERMOGEN_0038',SYSDATE-7,1);
INSERT INTO FIDE_TICKET_TB (ID_TICKET, ID_EVENTO_TICKET, ID_CUENTA, CODIGO_QR, FECHA_GENERACION, ID_ESTADO) VALUES (39,32,39,'QR_METRO_0039',SYSDATE-8,1);
INSERT INTO FIDE_TICKET_TB (ID_TICKET, ID_EVENTO_TICKET, ID_CUENTA, CODIGO_QR, FECHA_GENERACION, ID_ESTADO) VALUES (40,33,40,'QR_METROVIP_0040',SYSDATE-0,1);
INSERT INTO FIDE_TICKET_TB (ID_TICKET, ID_EVENTO_TICKET, ID_CUENTA, CODIGO_QR, FECHA_GENERACION, ID_ESTADO) VALUES (41,34,41,'QR_LIMON_0041',SYSDATE-1,1);
INSERT INTO FIDE_TICKET_TB (ID_TICKET, ID_EVENTO_TICKET, ID_CUENTA, CODIGO_QR, FECHA_GENERACION, ID_ESTADO) VALUES (42,35,42,'QR_LIMONVIP_0042',SYSDATE-2,1);
INSERT INTO FIDE_TICKET_TB (ID_TICKET, ID_EVENTO_TICKET, ID_CUENTA, CODIGO_QR, FECHA_GENERACION, ID_ESTADO) VALUES (43,36,43,'QR_JUNGLE_0043',SYSDATE-3,1);
INSERT INTO FIDE_TICKET_TB (ID_TICKET, ID_EVENTO_TICKET, ID_CUENTA, CODIGO_QR, FECHA_GENERACION, ID_ESTADO) VALUES (44,37,44,'QR_JUNGBK_0044',SYSDATE-4,1);
INSERT INTO FIDE_TICKET_TB (ID_TICKET, ID_EVENTO_TICKET, ID_CUENTA, CODIGO_QR, FECHA_GENERACION, ID_ESTADO) VALUES (45,38,45,'QR_SKYEARLY_0045',SYSDATE-5,1);
INSERT INTO FIDE_TICKET_TB (ID_TICKET, ID_EVENTO_TICKET, ID_CUENTA, CODIGO_QR, FECHA_GENERACION, ID_ESTADO) VALUES (46,39,46,'QR_SKYLINE_0046',SYSDATE-6,1);
INSERT INTO FIDE_TICKET_TB (ID_TICKET, ID_EVENTO_TICKET, ID_CUENTA, CODIGO_QR, FECHA_GENERACION, ID_ESTADO) VALUES (47,40,47,'QR_NOSARA_0047',SYSDATE-7,1);
INSERT INTO FIDE_TICKET_TB (ID_TICKET, ID_EVENTO_TICKET, ID_CUENTA, CODIGO_QR, FECHA_GENERACION, ID_ESTADO) VALUES (48,41,48,'QR_NOSARASUN_0048',SYSDATE-8,1);
INSERT INTO FIDE_TICKET_TB (ID_TICKET, ID_EVENTO_TICKET, ID_CUENTA, CODIGO_QR, FECHA_GENERACION, ID_ESTADO) VALUES (49,42,49,'QR_HARD_0049',SYSDATE-0,1);
INSERT INTO FIDE_TICKET_TB (ID_TICKET, ID_EVENTO_TICKET, ID_CUENTA, CODIGO_QR, FECHA_GENERACION, ID_ESTADO) VALUES (50,43,50,'QR_HARDVIP_0050',SYSDATE-1,1);

INSERT INTO FIDE_FACTURA_TB (ID_FACTURA, ID_MONEDA, IMPUESTO, SUBTOTAL, TOTAL, FECHA_FACTURA, ID_ESTADO) VALUES (11,1,5720.00,44000.00,49720.00,TO_DATE('2024-01-11','YYYY-MM-DD'),1);
INSERT INTO FIDE_FACTURA_TB (ID_FACTURA, ID_MONEDA, IMPUESTO, SUBTOTAL, TOTAL, FECHA_FACTURA, ID_ESTADO) VALUES (12,1,1820.00,14000.00,15820.00,TO_DATE('2024-03-17','YYYY-MM-DD'),1);
INSERT INTO FIDE_FACTURA_TB (ID_FACTURA, ID_MONEDA, IMPUESTO, SUBTOTAL, TOTAL, FECHA_FACTURA, ID_ESTADO) VALUES (13,1,1040.00,8000.00,9040.00,TO_DATE('2024-05-25','YYYY-MM-DD'),1);
INSERT INTO FIDE_FACTURA_TB (ID_FACTURA, ID_MONEDA, IMPUESTO, SUBTOTAL, TOTAL, FECHA_FACTURA, ID_ESTADO) VALUES (14,1,780.00,6000.00,6780.00,TO_DATE('2024-08-09','YYYY-MM-DD'),1);
INSERT INTO FIDE_FACTURA_TB (ID_FACTURA, ID_MONEDA, IMPUESTO, SUBTOTAL, TOTAL, FECHA_FACTURA, ID_ESTADO) VALUES (15,1,4680.00,36000.00,40680.00,TO_DATE('2024-11-27','YYYY-MM-DD'),1);
INSERT INTO FIDE_FACTURA_TB (ID_FACTURA, ID_MONEDA, IMPUESTO, SUBTOTAL, TOTAL, FECHA_FACTURA, ID_ESTADO) VALUES (16,1,2470.00,19000.00,21470.00,TO_DATE('2025-02-04','YYYY-MM-DD'),1);
INSERT INTO FIDE_FACTURA_TB (ID_FACTURA, ID_MONEDA, IMPUESTO, SUBTOTAL, TOTAL, FECHA_FACTURA, ID_ESTADO) VALUES (17,1,2015.00,15500.00,17515.00,TO_DATE('2025-04-16','YYYY-MM-DD'),1);
INSERT INTO FIDE_FACTURA_TB (ID_FACTURA, ID_MONEDA, IMPUESTO, SUBTOTAL, TOTAL, FECHA_FACTURA, ID_ESTADO) VALUES (18,1,780.00,6000.00,6780.00,TO_DATE('2025-06-28','YYYY-MM-DD'),1);
INSERT INTO FIDE_FACTURA_TB (ID_FACTURA, ID_MONEDA, IMPUESTO, SUBTOTAL, TOTAL, FECHA_FACTURA, ID_ESTADO) VALUES (19,1,780.00,6000.00,6780.00,TO_DATE('2025-09-07','YYYY-MM-DD'),1);
INSERT INTO FIDE_FACTURA_TB (ID_FACTURA, ID_MONEDA, IMPUESTO, SUBTOTAL, TOTAL, FECHA_FACTURA, ID_ESTADO) VALUES (20,1,4615.00,35500.00,40115.00,TO_DATE('2025-12-13','YYYY-MM-DD'),1);
INSERT INTO FIDE_FACTURA_TB (ID_FACTURA, ID_MONEDA, IMPUESTO, SUBTOTAL, TOTAL, FECHA_FACTURA, ID_ESTADO) VALUES (21,1,5980.00,46000.00,51980.00,TO_DATE('2026-01-24','YYYY-MM-DD'),1);
INSERT INTO FIDE_FACTURA_TB (ID_FACTURA, ID_MONEDA, IMPUESTO, SUBTOTAL, TOTAL, FECHA_FACTURA, ID_ESTADO) VALUES (22,1,2210.00,17000.00,19210.00,TO_DATE('2026-03-30','YYYY-MM-DD'),1);
INSERT INTO FIDE_FACTURA_TB (ID_FACTURA, ID_MONEDA, IMPUESTO, SUBTOTAL, TOTAL, FECHA_FACTURA, ID_ESTADO) VALUES (23,1,1755.00,13500.00,15255.00,TO_DATE('2026-05-18','YYYY-MM-DD'),1);
INSERT INTO FIDE_FACTURA_TB (ID_FACTURA, ID_MONEDA, IMPUESTO, SUBTOTAL, TOTAL, FECHA_FACTURA, ID_ESTADO) VALUES (24,1,468.00,3600.00,4068.00,TO_DATE('2026-07-26','YYYY-MM-DD'),1);
INSERT INTO FIDE_FACTURA_TB (ID_FACTURA, ID_MONEDA, IMPUESTO, SUBTOTAL, TOTAL, FECHA_FACTURA, ID_ESTADO) VALUES (25,1,4810.00,37000.00,41810.00,TO_DATE('2026-10-02','YYYY-MM-DD'),1);
INSERT INTO FIDE_FACTURA_TB (ID_FACTURA, ID_MONEDA, IMPUESTO, SUBTOTAL, TOTAL, FECHA_FACTURA, ID_ESTADO) VALUES (26,1,1560.00,12000.00,13560.00,TO_DATE('2027-01-15','YYYY-MM-DD'),1);
INSERT INTO FIDE_FACTURA_TB (ID_FACTURA, ID_MONEDA, IMPUESTO, SUBTOTAL, TOTAL, FECHA_FACTURA, ID_ESTADO) VALUES (27,1,3380.00,26000.00,29380.00,TO_DATE('2027-03-19','YYYY-MM-DD'),1);
INSERT INTO FIDE_FACTURA_TB (ID_FACTURA, ID_MONEDA, IMPUESTO, SUBTOTAL, TOTAL, FECHA_FACTURA, ID_ESTADO) VALUES (28,1,1430.00,11000.00,12430.00,TO_DATE('2027-06-11','YYYY-MM-DD'),1);
INSERT INTO FIDE_FACTURA_TB (ID_FACTURA, ID_MONEDA, IMPUESTO, SUBTOTAL, TOTAL, FECHA_FACTURA, ID_ESTADO) VALUES (29,1,1625.00,12500.00,14125.00,TO_DATE('2027-09-23','YYYY-MM-DD'),1);
INSERT INTO FIDE_FACTURA_TB (ID_FACTURA, ID_MONEDA, IMPUESTO, SUBTOTAL, TOTAL, FECHA_FACTURA, ID_ESTADO) VALUES (30,1,3510.00,27000.00,30510.00,TO_DATE('2028-02-14','YYYY-MM-DD'),1);
INSERT INTO FIDE_FACTURA_TB (ID_FACTURA, ID_MONEDA, IMPUESTO, SUBTOTAL, TOTAL, FECHA_FACTURA, ID_ESTADO) VALUES (31,1,2860.00,22000.00,24860.00,TO_DATE('2024-02-10','YYYY-MM-DD'),1);
INSERT INTO FIDE_FACTURA_TB (ID_FACTURA, ID_MONEDA, IMPUESTO, SUBTOTAL, TOTAL, FECHA_FACTURA, ID_ESTADO) VALUES (32,1,2145.00,16500.00,18645.00,TO_DATE('2024-06-14','YYYY-MM-DD'),1);
INSERT INTO FIDE_FACTURA_TB (ID_FACTURA, ID_MONEDA, IMPUESTO, SUBTOTAL, TOTAL, FECHA_FACTURA, ID_ESTADO) VALUES (33,1,3510.00,27000.00,30510.00,TO_DATE('2024-10-19','YYYY-MM-DD'),1);
INSERT INTO FIDE_FACTURA_TB (ID_FACTURA, ID_MONEDA, IMPUESTO, SUBTOTAL, TOTAL, FECHA_FACTURA, ID_ESTADO) VALUES (34,1,1235.00,9500.00,10735.00,TO_DATE('2024-12-04','YYYY-MM-DD'),1);
INSERT INTO FIDE_FACTURA_TB (ID_FACTURA, ID_MONEDA, IMPUESTO, SUBTOTAL, TOTAL, FECHA_FACTURA, ID_ESTADO) VALUES (35,1,4290.00,33000.00,37290.00,TO_DATE('2025-01-22','YYYY-MM-DD'),1);
INSERT INTO FIDE_FACTURA_TB (ID_FACTURA, ID_MONEDA, IMPUESTO, SUBTOTAL, TOTAL, FECHA_FACTURA, ID_ESTADO) VALUES (36,1,2600.00,20000.00,22600.00,TO_DATE('2025-03-09','YYYY-MM-DD'),1);
INSERT INTO FIDE_FACTURA_TB (ID_FACTURA, ID_MONEDA, IMPUESTO, SUBTOTAL, TOTAL, FECHA_FACTURA, ID_ESTADO) VALUES (37,1,1885.00,14500.00,16385.00,TO_DATE('2025-07-12','YYYY-MM-DD'),1);
INSERT INTO FIDE_FACTURA_TB (ID_FACTURA, ID_MONEDA, IMPUESTO, SUBTOTAL, TOTAL, FECHA_FACTURA, ID_ESTADO) VALUES (38,1,5135.00,39500.00,44635.00,TO_DATE('2025-11-28','YYYY-MM-DD'),1);
INSERT INTO FIDE_FACTURA_TB (ID_FACTURA, ID_MONEDA, IMPUESTO, SUBTOTAL, TOTAL, FECHA_FACTURA, ID_ESTADO) VALUES (39,1,975.00,7500.00,8475.00,TO_DATE('2026-02-17','YYYY-MM-DD'),1);
INSERT INTO FIDE_FACTURA_TB (ID_FACTURA, ID_MONEDA, IMPUESTO, SUBTOTAL, TOTAL, FECHA_FACTURA, ID_ESTADO) VALUES (40,1,2990.00,23000.00,25990.00,TO_DATE('2026-04-21','YYYY-MM-DD'),1);
INSERT INTO FIDE_FACTURA_TB (ID_FACTURA, ID_MONEDA, IMPUESTO, SUBTOTAL, TOTAL, FECHA_FACTURA, ID_ESTADO) VALUES (41,1,1560.00,12000.00,13560.00,TO_DATE('2026-06-30','YYYY-MM-DD'),1);
INSERT INTO FIDE_FACTURA_TB (ID_FACTURA, ID_MONEDA, IMPUESTO, SUBTOTAL, TOTAL, FECHA_FACTURA, ID_ESTADO) VALUES (42,1,3770.00,29000.00,32770.00,TO_DATE('2026-09-09','YYYY-MM-DD'),1);
INSERT INTO FIDE_FACTURA_TB (ID_FACTURA, ID_MONEDA, IMPUESTO, SUBTOTAL, TOTAL, FECHA_FACTURA, ID_ESTADO) VALUES (43,1,4485.00,34500.00,38985.00,TO_DATE('2026-11-16','YYYY-MM-DD'),1);
INSERT INTO FIDE_FACTURA_TB (ID_FACTURA, ID_MONEDA, IMPUESTO, SUBTOTAL, TOTAL, FECHA_FACTURA, ID_ESTADO) VALUES (44,1,2080.00,16000.00,18080.00,TO_DATE('2027-02-08','YYYY-MM-DD'),1);
INSERT INTO FIDE_FACTURA_TB (ID_FACTURA, ID_MONEDA, IMPUESTO, SUBTOTAL, TOTAL, FECHA_FACTURA, ID_ESTADO) VALUES (45,1,3445.00,26500.00,29945.00,TO_DATE('2027-04-26','YYYY-MM-DD'),1);
INSERT INTO FIDE_FACTURA_TB (ID_FACTURA, ID_MONEDA, IMPUESTO, SUBTOTAL, TOTAL, FECHA_FACTURA, ID_ESTADO) VALUES (46,1,1170.00,9000.00,10170.00,TO_DATE('2027-07-18','YYYY-MM-DD'),1);
INSERT INTO FIDE_FACTURA_TB (ID_FACTURA, ID_MONEDA, IMPUESTO, SUBTOTAL, TOTAL, FECHA_FACTURA, ID_ESTADO) VALUES (47,1,2795.00,21500.00,24295.00,TO_DATE('2027-10-07','YYYY-MM-DD'),1);
INSERT INTO FIDE_FACTURA_TB (ID_FACTURA, ID_MONEDA, IMPUESTO, SUBTOTAL, TOTAL, FECHA_FACTURA, ID_ESTADO) VALUES (48,1,3900.00,30000.00,33900.00,TO_DATE('2028-01-12','YYYY-MM-DD'),1);
INSERT INTO FIDE_FACTURA_TB (ID_FACTURA, ID_MONEDA, IMPUESTO, SUBTOTAL, TOTAL, FECHA_FACTURA, ID_ESTADO) VALUES (49,1,1690.00,13000.00,14690.00,TO_DATE('2028-05-03','YYYY-MM-DD'),1);
INSERT INTO FIDE_FACTURA_TB (ID_FACTURA, ID_MONEDA, IMPUESTO, SUBTOTAL, TOTAL, FECHA_FACTURA, ID_ESTADO) VALUES (50,1,5460.00,42000.00,47460.00,TO_DATE('2028-09-20','YYYY-MM-DD'),1);

INSERT INTO FIDE_VENTA_FACTURA_TB (ID_VENTA, ID_FACTURA, ID_ESTADO) VALUES (11,11,1);
INSERT INTO FIDE_VENTA_FACTURA_TB (ID_VENTA, ID_FACTURA, ID_ESTADO) VALUES (12,12,1);
INSERT INTO FIDE_VENTA_FACTURA_TB (ID_VENTA, ID_FACTURA, ID_ESTADO) VALUES (13,13,1);
INSERT INTO FIDE_VENTA_FACTURA_TB (ID_VENTA, ID_FACTURA, ID_ESTADO) VALUES (14,14,1);
INSERT INTO FIDE_VENTA_FACTURA_TB (ID_VENTA, ID_FACTURA, ID_ESTADO) VALUES (15,15,1);
INSERT INTO FIDE_VENTA_FACTURA_TB (ID_VENTA, ID_FACTURA, ID_ESTADO) VALUES (16,16,1);
INSERT INTO FIDE_VENTA_FACTURA_TB (ID_VENTA, ID_FACTURA, ID_ESTADO) VALUES (17,17,1);
INSERT INTO FIDE_VENTA_FACTURA_TB (ID_VENTA, ID_FACTURA, ID_ESTADO) VALUES (18,18,1);
INSERT INTO FIDE_VENTA_FACTURA_TB (ID_VENTA, ID_FACTURA, ID_ESTADO) VALUES (19,19,1);
INSERT INTO FIDE_VENTA_FACTURA_TB (ID_VENTA, ID_FACTURA, ID_ESTADO) VALUES (20,20,1);
INSERT INTO FIDE_VENTA_FACTURA_TB (ID_VENTA, ID_FACTURA, ID_ESTADO) VALUES (21,21,1);
INSERT INTO FIDE_VENTA_FACTURA_TB (ID_VENTA, ID_FACTURA, ID_ESTADO) VALUES (22,22,1);
INSERT INTO FIDE_VENTA_FACTURA_TB (ID_VENTA, ID_FACTURA, ID_ESTADO) VALUES (23,23,1);
INSERT INTO FIDE_VENTA_FACTURA_TB (ID_VENTA, ID_FACTURA, ID_ESTADO) VALUES (24,24,1);
INSERT INTO FIDE_VENTA_FACTURA_TB (ID_VENTA, ID_FACTURA, ID_ESTADO) VALUES (25,25,1);
INSERT INTO FIDE_VENTA_FACTURA_TB (ID_VENTA, ID_FACTURA, ID_ESTADO) VALUES (26,26,1);
INSERT INTO FIDE_VENTA_FACTURA_TB (ID_VENTA, ID_FACTURA, ID_ESTADO) VALUES (27,27,1);
INSERT INTO FIDE_VENTA_FACTURA_TB (ID_VENTA, ID_FACTURA, ID_ESTADO) VALUES (28,28,1);
INSERT INTO FIDE_VENTA_FACTURA_TB (ID_VENTA, ID_FACTURA, ID_ESTADO) VALUES (29,29,1);
INSERT INTO FIDE_VENTA_FACTURA_TB (ID_VENTA, ID_FACTURA, ID_ESTADO) VALUES (30,30,1);
INSERT INTO FIDE_VENTA_FACTURA_TB (ID_VENTA, ID_FACTURA, ID_ESTADO) VALUES (31,31,1);
INSERT INTO FIDE_VENTA_FACTURA_TB (ID_VENTA, ID_FACTURA, ID_ESTADO) VALUES (32,32,1);
INSERT INTO FIDE_VENTA_FACTURA_TB (ID_VENTA, ID_FACTURA, ID_ESTADO) VALUES (33,33,1);
INSERT INTO FIDE_VENTA_FACTURA_TB (ID_VENTA, ID_FACTURA, ID_ESTADO) VALUES (34,34,1);
INSERT INTO FIDE_VENTA_FACTURA_TB (ID_VENTA, ID_FACTURA, ID_ESTADO) VALUES (35,35,1);
INSERT INTO FIDE_VENTA_FACTURA_TB (ID_VENTA, ID_FACTURA, ID_ESTADO) VALUES (36,36,1);
INSERT INTO FIDE_VENTA_FACTURA_TB (ID_VENTA, ID_FACTURA, ID_ESTADO) VALUES (37,37,1);
INSERT INTO FIDE_VENTA_FACTURA_TB (ID_VENTA, ID_FACTURA, ID_ESTADO) VALUES (38,38,1);
INSERT INTO FIDE_VENTA_FACTURA_TB (ID_VENTA, ID_FACTURA, ID_ESTADO) VALUES (39,39,1);
INSERT INTO FIDE_VENTA_FACTURA_TB (ID_VENTA, ID_FACTURA, ID_ESTADO) VALUES (40,40,1);
INSERT INTO FIDE_VENTA_FACTURA_TB (ID_VENTA, ID_FACTURA, ID_ESTADO) VALUES (41,41,1);
INSERT INTO FIDE_VENTA_FACTURA_TB (ID_VENTA, ID_FACTURA, ID_ESTADO) VALUES (42,42,1);
INSERT INTO FIDE_VENTA_FACTURA_TB (ID_VENTA, ID_FACTURA, ID_ESTADO) VALUES (43,43,1);
INSERT INTO FIDE_VENTA_FACTURA_TB (ID_VENTA, ID_FACTURA, ID_ESTADO) VALUES (44,44,1);
INSERT INTO FIDE_VENTA_FACTURA_TB (ID_VENTA, ID_FACTURA, ID_ESTADO) VALUES (45,45,1);
INSERT INTO FIDE_VENTA_FACTURA_TB (ID_VENTA, ID_FACTURA, ID_ESTADO) VALUES (46,46,1);
INSERT INTO FIDE_VENTA_FACTURA_TB (ID_VENTA, ID_FACTURA, ID_ESTADO) VALUES (47,47,1);
INSERT INTO FIDE_VENTA_FACTURA_TB (ID_VENTA, ID_FACTURA, ID_ESTADO) VALUES (48,48,1);
INSERT INTO FIDE_VENTA_FACTURA_TB (ID_VENTA, ID_FACTURA, ID_ESTADO) VALUES (49,49,1);
INSERT INTO FIDE_VENTA_FACTURA_TB (ID_VENTA, ID_FACTURA, ID_ESTADO) VALUES (50,50,1);

INSERT INTO FIDE_TICKET_FACTURA_TB (ID_TICKET, ID_FACTURA, ID_ESTADO) VALUES (11,11,1);
INSERT INTO FIDE_TICKET_FACTURA_TB (ID_TICKET, ID_FACTURA, ID_ESTADO) VALUES (12,12,1);
INSERT INTO FIDE_TICKET_FACTURA_TB (ID_TICKET, ID_FACTURA, ID_ESTADO) VALUES (13,13,1);
INSERT INTO FIDE_TICKET_FACTURA_TB (ID_TICKET, ID_FACTURA, ID_ESTADO) VALUES (14,14,1);
INSERT INTO FIDE_TICKET_FACTURA_TB (ID_TICKET, ID_FACTURA, ID_ESTADO) VALUES (15,15,1);
INSERT INTO FIDE_TICKET_FACTURA_TB (ID_TICKET, ID_FACTURA, ID_ESTADO) VALUES (16,16,1);
INSERT INTO FIDE_TICKET_FACTURA_TB (ID_TICKET, ID_FACTURA, ID_ESTADO) VALUES (17,17,1);
INSERT INTO FIDE_TICKET_FACTURA_TB (ID_TICKET, ID_FACTURA, ID_ESTADO) VALUES (18,18,1);
INSERT INTO FIDE_TICKET_FACTURA_TB (ID_TICKET, ID_FACTURA, ID_ESTADO) VALUES (19,19,1);
INSERT INTO FIDE_TICKET_FACTURA_TB (ID_TICKET, ID_FACTURA, ID_ESTADO) VALUES (20,20,1);
INSERT INTO FIDE_TICKET_FACTURA_TB (ID_TICKET, ID_FACTURA, ID_ESTADO) VALUES (21,21,1);
INSERT INTO FIDE_TICKET_FACTURA_TB (ID_TICKET, ID_FACTURA, ID_ESTADO) VALUES (22,22,1);
INSERT INTO FIDE_TICKET_FACTURA_TB (ID_TICKET, ID_FACTURA, ID_ESTADO) VALUES (23,23,1);
INSERT INTO FIDE_TICKET_FACTURA_TB (ID_TICKET, ID_FACTURA, ID_ESTADO) VALUES (24,24,1);
INSERT INTO FIDE_TICKET_FACTURA_TB (ID_TICKET, ID_FACTURA, ID_ESTADO) VALUES (25,25,1);
INSERT INTO FIDE_TICKET_FACTURA_TB (ID_TICKET, ID_FACTURA, ID_ESTADO) VALUES (26,26,1);
INSERT INTO FIDE_TICKET_FACTURA_TB (ID_TICKET, ID_FACTURA, ID_ESTADO) VALUES (27,27,1);
INSERT INTO FIDE_TICKET_FACTURA_TB (ID_TICKET, ID_FACTURA, ID_ESTADO) VALUES (28,28,1);
INSERT INTO FIDE_TICKET_FACTURA_TB (ID_TICKET, ID_FACTURA, ID_ESTADO) VALUES (29,29,1);
INSERT INTO FIDE_TICKET_FACTURA_TB (ID_TICKET, ID_FACTURA, ID_ESTADO) VALUES (30,30,1);
INSERT INTO FIDE_TICKET_FACTURA_TB (ID_TICKET, ID_FACTURA, ID_ESTADO) VALUES (31,31,1);
INSERT INTO FIDE_TICKET_FACTURA_TB (ID_TICKET, ID_FACTURA, ID_ESTADO) VALUES (32,32,1);
INSERT INTO FIDE_TICKET_FACTURA_TB (ID_TICKET, ID_FACTURA, ID_ESTADO) VALUES (33,33,1);
INSERT INTO FIDE_TICKET_FACTURA_TB (ID_TICKET, ID_FACTURA, ID_ESTADO) VALUES (34,34,1);
INSERT INTO FIDE_TICKET_FACTURA_TB (ID_TICKET, ID_FACTURA, ID_ESTADO) VALUES (35,35,1);
INSERT INTO FIDE_TICKET_FACTURA_TB (ID_TICKET, ID_FACTURA, ID_ESTADO) VALUES (36,36,1);
INSERT INTO FIDE_TICKET_FACTURA_TB (ID_TICKET, ID_FACTURA, ID_ESTADO) VALUES (37,37,1);
INSERT INTO FIDE_TICKET_FACTURA_TB (ID_TICKET, ID_FACTURA, ID_ESTADO) VALUES (38,38,1);
INSERT INTO FIDE_TICKET_FACTURA_TB (ID_TICKET, ID_FACTURA, ID_ESTADO) VALUES (39,39,1);
INSERT INTO FIDE_TICKET_FACTURA_TB (ID_TICKET, ID_FACTURA, ID_ESTADO) VALUES (40,40,1);
INSERT INTO FIDE_TICKET_FACTURA_TB (ID_TICKET, ID_FACTURA, ID_ESTADO) VALUES (41,41,1);
INSERT INTO FIDE_TICKET_FACTURA_TB (ID_TICKET, ID_FACTURA, ID_ESTADO) VALUES (42,42,1);
INSERT INTO FIDE_TICKET_FACTURA_TB (ID_TICKET, ID_FACTURA, ID_ESTADO) VALUES (43,43,1);
INSERT INTO FIDE_TICKET_FACTURA_TB (ID_TICKET, ID_FACTURA, ID_ESTADO) VALUES (44,44,1);
INSERT INTO FIDE_TICKET_FACTURA_TB (ID_TICKET, ID_FACTURA, ID_ESTADO) VALUES (45,45,1);
INSERT INTO FIDE_TICKET_FACTURA_TB (ID_TICKET, ID_FACTURA, ID_ESTADO) VALUES (46,46,1);
INSERT INTO FIDE_TICKET_FACTURA_TB (ID_TICKET, ID_FACTURA, ID_ESTADO) VALUES (47,47,1);
INSERT INTO FIDE_TICKET_FACTURA_TB (ID_TICKET, ID_FACTURA, ID_ESTADO) VALUES (48,48,1);
INSERT INTO FIDE_TICKET_FACTURA_TB (ID_TICKET, ID_FACTURA, ID_ESTADO) VALUES (49,49,1);
INSERT INTO FIDE_TICKET_FACTURA_TB (ID_TICKET, ID_FACTURA, ID_ESTADO) VALUES (50,50,1);

INSERT INTO FIDE_PAGO_PAYPAL_TB (ID_PAGO, ID_FACTURA, PAYPAL_ORDER_ID, PAYPAL_CAPTURE_ID, FECHA_PAGO, ID_ESTADO) VALUES (11,11,'PAYPAL_ORDER_1011','PAYPAL_CAPTURE_2011',SYSDATE-1,1);
INSERT INTO FIDE_PAGO_PAYPAL_TB (ID_PAGO, ID_FACTURA, PAYPAL_ORDER_ID, PAYPAL_CAPTURE_ID, FECHA_PAGO, ID_ESTADO) VALUES (12,12,'PAYPAL_ORDER_1012','PAYPAL_CAPTURE_2012',SYSDATE-2,1);
INSERT INTO FIDE_PAGO_PAYPAL_TB (ID_PAGO, ID_FACTURA, PAYPAL_ORDER_ID, PAYPAL_CAPTURE_ID, FECHA_PAGO, ID_ESTADO) VALUES (13,13,'PAYPAL_ORDER_1013','PAYPAL_CAPTURE_2013',SYSDATE-3,1);
INSERT INTO FIDE_PAGO_PAYPAL_TB (ID_PAGO, ID_FACTURA, PAYPAL_ORDER_ID, PAYPAL_CAPTURE_ID, FECHA_PAGO, ID_ESTADO) VALUES (14,14,'PAYPAL_ORDER_1014','PAYPAL_CAPTURE_2014',SYSDATE-4,1);
INSERT INTO FIDE_PAGO_PAYPAL_TB (ID_PAGO, ID_FACTURA, PAYPAL_ORDER_ID, PAYPAL_CAPTURE_ID, FECHA_PAGO, ID_ESTADO) VALUES (15,15,'PAYPAL_ORDER_1015','PAYPAL_CAPTURE_2015',SYSDATE-5,1);
INSERT INTO FIDE_PAGO_PAYPAL_TB (ID_PAGO, ID_FACTURA, PAYPAL_ORDER_ID, PAYPAL_CAPTURE_ID, FECHA_PAGO, ID_ESTADO) VALUES (16,16,'PAYPAL_ORDER_1016','PAYPAL_CAPTURE_2016',SYSDATE-6,1);
INSERT INTO FIDE_PAGO_PAYPAL_TB (ID_PAGO, ID_FACTURA, PAYPAL_ORDER_ID, PAYPAL_CAPTURE_ID, FECHA_PAGO, ID_ESTADO) VALUES (17,17,'PAYPAL_ORDER_1017','PAYPAL_CAPTURE_2017',SYSDATE-7,1);
INSERT INTO FIDE_PAGO_PAYPAL_TB (ID_PAGO, ID_FACTURA, PAYPAL_ORDER_ID, PAYPAL_CAPTURE_ID, FECHA_PAGO, ID_ESTADO) VALUES (18,18,'PAYPAL_ORDER_1018','PAYPAL_CAPTURE_2018',SYSDATE-8,1);
INSERT INTO FIDE_PAGO_PAYPAL_TB (ID_PAGO, ID_FACTURA, PAYPAL_ORDER_ID, PAYPAL_CAPTURE_ID, FECHA_PAGO, ID_ESTADO) VALUES (19,19,'PAYPAL_ORDER_1019','PAYPAL_CAPTURE_2019',SYSDATE-9,1);
INSERT INTO FIDE_PAGO_PAYPAL_TB (ID_PAGO, ID_FACTURA, PAYPAL_ORDER_ID, PAYPAL_CAPTURE_ID, FECHA_PAGO, ID_ESTADO) VALUES (20,20,'PAYPAL_ORDER_1020','PAYPAL_CAPTURE_2020',SYSDATE-0,1);
INSERT INTO FIDE_PAGO_PAYPAL_TB (ID_PAGO, ID_FACTURA, PAYPAL_ORDER_ID, PAYPAL_CAPTURE_ID, FECHA_PAGO, ID_ESTADO) VALUES (21,21,'PAYPAL_ORDER_1021','PAYPAL_CAPTURE_2021',SYSDATE-1,1);
INSERT INTO FIDE_PAGO_PAYPAL_TB (ID_PAGO, ID_FACTURA, PAYPAL_ORDER_ID, PAYPAL_CAPTURE_ID, FECHA_PAGO, ID_ESTADO) VALUES (22,22,'PAYPAL_ORDER_1022','PAYPAL_CAPTURE_2022',SYSDATE-2,1);
INSERT INTO FIDE_PAGO_PAYPAL_TB (ID_PAGO, ID_FACTURA, PAYPAL_ORDER_ID, PAYPAL_CAPTURE_ID, FECHA_PAGO, ID_ESTADO) VALUES (23,23,'PAYPAL_ORDER_1023','PAYPAL_CAPTURE_2023',SYSDATE-3,1);
INSERT INTO FIDE_PAGO_PAYPAL_TB (ID_PAGO, ID_FACTURA, PAYPAL_ORDER_ID, PAYPAL_CAPTURE_ID, FECHA_PAGO, ID_ESTADO) VALUES (24,24,'PAYPAL_ORDER_1024','PAYPAL_CAPTURE_2024',SYSDATE-4,1);
INSERT INTO FIDE_PAGO_PAYPAL_TB (ID_PAGO, ID_FACTURA, PAYPAL_ORDER_ID, PAYPAL_CAPTURE_ID, FECHA_PAGO, ID_ESTADO) VALUES (25,25,'PAYPAL_ORDER_1025','PAYPAL_CAPTURE_2025',SYSDATE-5,1);

INSERT INTO FIDE_SEASON_SET_TB (ID_SEASON_SET, ID_SEASON, TITULO, DESCRIPCION, YOUTUBE_URL, ID_ESTADO) VALUES (11,6,'Basslines Opening Mix','Set inaugural de Basslines CR con enfoque en bass house.','https://youtube.com/watch?v=basslines_opening_mix',1);
INSERT INTO FIDE_SEASON_SET_TB (ID_SEASON_SET, ID_SEASON, TITULO, DESCRIPCION, YOUTUBE_URL, ID_ESTADO) VALUES (12,6,'Drum and Bass Coastline','Set costero con influencias de drum and bass y breaks.','https://youtube.com/watch?v=dnb_coastline',1);
INSERT INTO FIDE_SEASON_SET_TB (ID_SEASON_SET, ID_SEASON, TITULO, DESCRIPCION, YOUTUBE_URL, ID_ESTADO) VALUES (13,7,'Pacific Groove Ritual','Set house al atardecer grabado frente al Pacífico.','https://youtube.com/watch?v=pacific_groove_ritual',1);
INSERT INTO FIDE_SEASON_SET_TB (ID_SEASON_SET, ID_SEASON, TITULO, DESCRIPCION, YOUTUBE_URL, ID_ESTADO) VALUES (14,7,'Sunset Percussion Ride','Sesión con groove percusivo y visuales cálidas de playa.','https://youtube.com/watch?v=sunset_percussion_ride',1);
INSERT INTO FIDE_SEASON_SET_TB (ID_SEASON_SET, ID_SEASON, TITULO, DESCRIPCION, YOUTUBE_URL, ID_ESTADO) VALUES (15,8,'Metro Pulse Live','Live set grabado en venue urbano del centro de San José.','https://youtube.com/watch?v=metro_pulse_live',1);
INSERT INTO FIDE_SEASON_SET_TB (ID_SEASON_SET, ID_SEASON, TITULO, DESCRIPCION, YOUTUBE_URL, ID_ESTADO) VALUES (16,8,'Minimal City Session','Set minimal house grabado en formato club íntimo.','https://youtube.com/watch?v=minimal_city_session',1);
INSERT INTO FIDE_SEASON_SET_TB (ID_SEASON_SET, ID_SEASON, TITULO, DESCRIPCION, YOUTUBE_URL, ID_ESTADO) VALUES (17,9,'Highland Techno Journey','Viaje sonoro techno grabado en las montañas de Cartago.','https://youtube.com/watch?v=highland_techno_journey',1);
INSERT INTO FIDE_SEASON_SET_TB (ID_SEASON_SET, ID_SEASON, TITULO, DESCRIPCION, YOUTUBE_URL, ID_ESTADO) VALUES (18,9,'Cold Air Hard Groove','Hard groove con atmósfera fría y energía industrial.','https://youtube.com/watch?v=cold_air_hard_groove',1);
INSERT INTO FIDE_SEASON_SET_TB (ID_SEASON_SET, ID_SEASON, TITULO, DESCRIPCION, YOUTUBE_URL, ID_ESTADO) VALUES (19,10,'Afterhours Warehouse Flow','Sesión extendida de afterhours en formato warehouse.','https://youtube.com/watch?v=afterhours_warehouse_flow',1);
INSERT INTO FIDE_SEASON_SET_TB (ID_SEASON_SET, ID_SEASON, TITULO, DESCRIPCION, YOUTUBE_URL, ID_ESTADO) VALUES (20,10,'Closing Lights Session','Set de cierre con house melódico y luces bajas.','https://youtube.com/watch?v=closing_lights_session',1);
INSERT INTO FIDE_SEASON_SET_TB (ID_SEASON_SET, ID_SEASON, TITULO, DESCRIPCION, YOUTUBE_URL, ID_ESTADO) VALUES (21,11,'Rooftop Social House','House elegante grabado en rooftop con vista urbana.','https://youtube.com/watch?v=rooftop_social_house',1);
INSERT INTO FIDE_SEASON_SET_TB (ID_SEASON_SET, ID_SEASON, TITULO, DESCRIPCION, YOUTUBE_URL, ID_ESTADO) VALUES (22,11,'Skyline Warmup','Warmup set con grooves suaves y visuales de ciudad.','https://youtube.com/watch?v=skyline_warmup',1);
INSERT INTO FIDE_SEASON_SET_TB (ID_SEASON_SET, ID_SEASON, TITULO, DESCRIPCION, YOUTUBE_URL, ID_ESTADO) VALUES (23,12,'Closing Rituals Downtempo','Set downtempo para cierre de temporada y transición sonora.','https://youtube.com/watch?v=closing_rituals_downtempo',1);
INSERT INTO FIDE_SEASON_SET_TB (ID_SEASON_SET, ID_SEASON, TITULO, DESCRIPCION, YOUTUBE_URL, ID_ESTADO) VALUES (24,12,'Finale Techno Ceremony','Sesión final con techno hipnótico y estética ceremonial.','https://youtube.com/watch?v=finale_techno_ceremony',1);

INSERT INTO FIDE_CUENTA_RED_SOCIAL_TB (IDENTIFICACION, ID_RED_SOCIAL, URL, ID_ESTADO) VALUES (101000011,1,'https://instagram.com/kevingonzalez',1);
INSERT INTO FIDE_CUENTA_RED_SOCIAL_TB (IDENTIFICACION, ID_RED_SOCIAL, URL, ID_ESTADO) VALUES (101000011,4,'https://youtube.com/@kevingonzalezsets',1);
INSERT INTO FIDE_CUENTA_RED_SOCIAL_TB (IDENTIFICACION, ID_RED_SOCIAL, URL, ID_ESTADO) VALUES (101000012,1,'https://instagram.com/luciatorresmusic',1);
INSERT INTO FIDE_CUENTA_RED_SOCIAL_TB (IDENTIFICACION, ID_RED_SOCIAL, URL, ID_ESTADO) VALUES (101000013,5,'https://soundcloud.com/diegosalascr',1);
INSERT INTO FIDE_CUENTA_RED_SOCIAL_TB (IDENTIFICACION, ID_RED_SOCIAL, URL, ID_ESTADO) VALUES (101000014,3,'https://tiktok.com/@sofiavalverdedj',1);
INSERT INTO FIDE_CUENTA_RED_SOCIAL_TB (IDENTIFICACION, ID_RED_SOCIAL, URL, ID_ESTADO) VALUES (101000015,2,'https://facebook.com/joserojas.music',1);
INSERT INTO FIDE_CUENTA_RED_SOCIAL_TB (IDENTIFICACION, ID_RED_SOCIAL, URL, ID_ESTADO) VALUES (101000031,1,'https://instagram.com/alejandromurilloevents',1);
INSERT INTO FIDE_CUENTA_RED_SOCIAL_TB (IDENTIFICACION, ID_RED_SOCIAL, URL, ID_ESTADO) VALUES (101000032,2,'https://facebook.com/mariaquesada.events',1);
INSERT INTO FIDE_CUENTA_RED_SOCIAL_TB (IDENTIFICACION, ID_RED_SOCIAL, URL, ID_ESTADO) VALUES (101000037,6,'https://spotify.com/bryancastrodj',1);
INSERT INTO FIDE_CUENTA_RED_SOCIAL_TB (IDENTIFICACION, ID_RED_SOCIAL, URL, ID_ESTADO) VALUES (101000038,4,'https://youtube.com/@jimenatorreslive',1);

INSERT INTO FIDE_CARRITO_TB (ID_CARRITO, ID_CUENTA, ID_ESTADO) VALUES (11,11,1);
INSERT INTO FIDE_CARRITO_TB (ID_CARRITO, ID_CUENTA, ID_ESTADO) VALUES (12,12,1);
INSERT INTO FIDE_CARRITO_TB (ID_CARRITO, ID_CUENTA, ID_ESTADO) VALUES (13,13,1);
INSERT INTO FIDE_CARRITO_TB (ID_CARRITO, ID_CUENTA, ID_ESTADO) VALUES (14,14,1);
INSERT INTO FIDE_CARRITO_TB (ID_CARRITO, ID_CUENTA, ID_ESTADO) VALUES (15,15,1);
INSERT INTO FIDE_CARRITO_TB (ID_CARRITO, ID_CUENTA, ID_ESTADO) VALUES (16,16,1);
INSERT INTO FIDE_CARRITO_TB (ID_CARRITO, ID_CUENTA, ID_ESTADO) VALUES (17,17,1);
INSERT INTO FIDE_CARRITO_TB (ID_CARRITO, ID_CUENTA, ID_ESTADO) VALUES (18,18,1);
INSERT INTO FIDE_CARRITO_TB (ID_CARRITO, ID_CUENTA, ID_ESTADO) VALUES (19,19,1);
INSERT INTO FIDE_CARRITO_TB (ID_CARRITO, ID_CUENTA, ID_ESTADO) VALUES (20,20,1);

INSERT INTO FIDE_CARRITO_ITEM_TB (ID_CARRITO, ID_PRODUCTO, CANTIDAD, ID_ESTADO) VALUES (11,26,1,1);
INSERT INTO FIDE_CARRITO_ITEM_TB (ID_CARRITO, ID_PRODUCTO, CANTIDAD, ID_ESTADO) VALUES (11,31,2,1);
INSERT INTO FIDE_CARRITO_ITEM_TB (ID_CARRITO, ID_PRODUCTO, CANTIDAD, ID_ESTADO) VALUES (12,27,1,1);
INSERT INTO FIDE_CARRITO_ITEM_TB (ID_CARRITO, ID_PRODUCTO, CANTIDAD, ID_ESTADO) VALUES (12,36,1,1);
INSERT INTO FIDE_CARRITO_ITEM_TB (ID_CARRITO, ID_PRODUCTO, CANTIDAD, ID_ESTADO) VALUES (13,28,2,1);
INSERT INTO FIDE_CARRITO_ITEM_TB (ID_CARRITO, ID_PRODUCTO, CANTIDAD, ID_ESTADO) VALUES (13,41,3,1);
INSERT INTO FIDE_CARRITO_ITEM_TB (ID_CARRITO, ID_PRODUCTO, CANTIDAD, ID_ESTADO) VALUES (14,29,1,1);
INSERT INTO FIDE_CARRITO_ITEM_TB (ID_CARRITO, ID_PRODUCTO, CANTIDAD, ID_ESTADO) VALUES (14,46,1,1);
INSERT INTO FIDE_CARRITO_ITEM_TB (ID_CARRITO, ID_PRODUCTO, CANTIDAD, ID_ESTADO) VALUES (15,30,1,1);
INSERT INTO FIDE_CARRITO_ITEM_TB (ID_CARRITO, ID_PRODUCTO, CANTIDAD, ID_ESTADO) VALUES (15,11,2,1);
INSERT INTO FIDE_CARRITO_ITEM_TB (ID_CARRITO, ID_PRODUCTO, CANTIDAD, ID_ESTADO) VALUES (16,32,1,1);
INSERT INTO FIDE_CARRITO_ITEM_TB (ID_CARRITO, ID_PRODUCTO, CANTIDAD, ID_ESTADO) VALUES (16,37,1,1);
INSERT INTO FIDE_CARRITO_ITEM_TB (ID_CARRITO, ID_PRODUCTO, CANTIDAD, ID_ESTADO) VALUES (17,33,2,1);
INSERT INTO FIDE_CARRITO_ITEM_TB (ID_CARRITO, ID_PRODUCTO, CANTIDAD, ID_ESTADO) VALUES (17,42,1,1);
INSERT INTO FIDE_CARRITO_ITEM_TB (ID_CARRITO, ID_PRODUCTO, CANTIDAD, ID_ESTADO) VALUES (18,34,1,1);
INSERT INTO FIDE_CARRITO_ITEM_TB (ID_CARRITO, ID_PRODUCTO, CANTIDAD, ID_ESTADO) VALUES (18,47,1,1);
INSERT INTO FIDE_CARRITO_ITEM_TB (ID_CARRITO, ID_PRODUCTO, CANTIDAD, ID_ESTADO) VALUES (19,35,2,1);
INSERT INTO FIDE_CARRITO_ITEM_TB (ID_CARRITO, ID_PRODUCTO, CANTIDAD, ID_ESTADO) VALUES (19,48,1,1);
INSERT INTO FIDE_CARRITO_ITEM_TB (ID_CARRITO, ID_PRODUCTO, CANTIDAD, ID_ESTADO) VALUES (20,39,1,1);
INSERT INTO FIDE_CARRITO_ITEM_TB (ID_CARRITO, ID_PRODUCTO, CANTIDAD, ID_ESTADO) VALUES (20,50,2,1);

COMMIT;
